,Date and Time,PM10,PM2.5,SO2,Site
0,2022-03-22 00:00:00,18.66,13.4,,EPA-59
1,2022-03-22 01:00:00,20.76,15.22,,EPA-59
2,2022-03-22 02:00:00,23.02,16.96,,EPA-59
3,2022-03-22 03:00:00,24.2,18.27,,EPA-59
4,2022-03-22 04:00:00,26.43,19.92,,EPA-59
5,2022-03-22 05:00:00,27.51,20.75,,EPA-59
6,2022-03-22 06:00:00,29.52,23.08,,EPA-59
7,2022-03-22 07:00:00,30.05,24.05,,EPA-59
8,2022-03-22 08:00:00,34.87,26.29,,EPA-59
9,2022-03-22 09:00:00,35.07,26.2,,EPA-59
10,2022-03-22 10:00:00,37.05,27.0,,EPA-59
11,2022-03-22 11:00:00,36.14,26.96,,EPA-59
12,2022-03-22 12:00:00,36.53,27.01,,EPA-59
13,2022-03-22 13:00:00,35.08,26.85,,EPA-59
14,2022-03-22 14:00:00,35.92,28.2,,EPA-59
15,2022-03-22 15:00:00,34.55,28.27,,EPA-59
16,2022-03-22 16:00:00,32.43,26.21,,EPA-59
17,2022-03-22 17:00:00,32.0,25.38,,EPA-59
18,2022-03-22 18:00:00,31.1,23.17,,EPA-59
19,2022-03-22 19:00:00,35.48,26.82,,EPA-59
20,2022-03-22 20:00:00,43.01,33.36,,EPA-59
21,2022-03-22 21:00:00,37.53,29.56,,EPA-59
22,2022-03-22 22:00:00,35.48,26.49,,EPA-59
23,2022-03-22 23:00:00,36.94,26.85,,EPA-59
0,2022-03-22 00:00:00,25.16,16.64,,EPA-67
1,2022-03-22 01:00:00,20.91,13.55,,EPA-67
2,2022-03-22 02:00:00,21.24,13.45,,EPA-67
3,2022-03-22 03:00:00,19.84,11.81,,EPA-67
4,2022-03-22 04:00:00,22.94,15.14,,EPA-67
5,2022-03-22 05:00:00,19.51,13.14,,EPA-67
6,2022-03-22 06:00:00,21.88,14.38,,EPA-67
7,2022-03-22 07:00:00,22.63,15.7,,EPA-67
8,2022-03-22 08:00:00,24.05,16.19,,EPA-67
9,2022-03-22 09:00:00,26.93,17.08,,EPA-67
10,2022-03-22 10:00:00,24.18,15.14,,EPA-67
11,2022-03-22 11:00:00,27.73,19.33,,EPA-67
12,2022-03-22 12:00:00,21.21,13.65,,EPA-67
13,2022-03-22 13:00:00,21.4,13.63,,EPA-67
14,2022-03-22 14:00:00,24.27,16.79,,EPA-67
15,2022-03-22 15:00:00,26.58,19.35,,EPA-67
16,2022-03-22 16:00:00,27.73,21.38,,EPA-67
17,2022-03-22 17:00:00,28.29,21.27,,EPA-67
18,2022-03-22 18:00:00,37.95,29.77,,EPA-67
19,2022-03-22 19:00:00,46.6,38.31,,EPA-67
20,2022-03-22 20:00:00,44.73,37.36,,EPA-67
21,2022-03-22 21:00:00,40.1,31.87,,EPA-67
22,2022-03-22 22:00:00,42.15,33.05,,EPA-67
23,2022-03-22 23:00:00,43.56,34.25,,EPA-67
0,2022-03-22 00:00:00,31.64,23.55,,EPA-46
1,2022-03-22 01:00:00,30.98,23.38,,EPA-46
2,2022-03-22 02:00:00,31.94,25.48,,EPA-46
3,2022-03-22 03:00:00,35.69,29.14,,EPA-46
4,2022-03-22 04:00:00,38.58,32.23,,EPA-46
5,2022-03-22 05:00:00,38.09,32.07,,EPA-46
6,2022-03-22 06:00:00,38.44,32.09,,EPA-46
7,2022-03-22 07:00:00,35.98,29.91,,EPA-46
8,2022-03-22 08:00:00,32.95,25.98,,EPA-46
9,2022-03-22 09:00:00,29.0,20.72,,EPA-46
10,2022-03-22 10:00:00,27.53,18.21,,EPA-46
11,2022-03-22 11:00:00,25.21,17.49,,EPA-46
12,2022-03-22 12:00:00,23.31,16.34,,EPA-46
13,2022-03-22 13:00:00,23.76,17.3,,EPA-46
14,2022-03-22 14:00:00,25.32,18.31,,EPA-46
15,2022-03-22 15:00:00,27.02,17.94,,EPA-46
16,2022-03-22 16:00:00,22.77,16.22,,EPA-46
17,2022-03-22 17:00:00,21.93,15.39,,EPA-46
18,2022-03-22 18:00:00,25.23,17.01,,EPA-46
19,2022-03-22 19:00:00,34.06,21.67,,EPA-46
20,2022-03-22 20:00:00,32.18,24.72,,EPA-46
21,2022-03-22 21:00:00,29.46,22.82,,EPA-46
22,2022-03-22 22:00:00,29.87,23.59,,EPA-46
23,2022-03-22 23:00:00,25.16,18.96,,EPA-46
0,2022-03-22 00:00:00,14.74,10.48,,EPA-63
1,2022-03-22 01:00:00,15.79,11.18,,EPA-63
2,2022-03-22 02:00:00,19.48,14.04,,EPA-63
3,2022-03-22 03:00:00,21.94,14.96,,EPA-63
4,2022-03-22 04:00:00,22.14,16.22,,EPA-63
5,2022-03-22 05:00:00,27.14,19.22,,EPA-63
6,2022-03-22 06:00:00,30.57,21.73,,EPA-63
7,2022-03-22 07:00:00,33.84,23.32,,EPA-63
8,2022-03-22 08:00:00,34.9,23.63,,EPA-63
9,2022-03-22 09:00:00,33.76,23.48,,EPA-63
10,2022-03-22 10:00:00,34.95,23.4,,EPA-63
11,2022-03-22 11:00:00,35.46,24.33,,EPA-63
12,2022-03-22 12:00:00,39.1,26.04,,EPA-63
13,2022-03-22 13:00:00,38.11,27.21,,EPA-63
14,2022-03-22 14:00:00,40.55,29.48,,EPA-63
15,2022-03-22 15:00:00,39.73,30.13,,EPA-63
16,2022-03-22 16:00:00,39.87,29.67,,EPA-63
17,2022-03-22 17:00:00,41.88,30.94,,EPA-63
18,2022-03-22 18:00:00,45.24,36.41,,EPA-63
19,2022-03-22 19:00:00,35.46,25.8,,EPA-63
20,2022-03-22 20:00:00,42.88,32.16,,EPA-63
21,2022-03-22 21:00:00,45.99,35.38,,EPA-63
22,2022-03-22 22:00:00,39.7,27.53,,EPA-63
23,2022-03-22 23:00:00,40.73,29.94,,EPA-63
0,2022-03-22 00:00:00,23.6,18.03,,EPA-71
1,2022-03-22 01:00:00,17.18,12.96,,EPA-71
2,2022-03-22 02:00:00,14.42,10.32,,EPA-71
3,2022-03-22 03:00:00,14.1,9.81,,EPA-71
4,2022-03-22 04:00:00,14.2,9.39,,EPA-71
5,2022-03-22 05:00:00,14.72,9.35,,EPA-71
6,2022-03-22 06:00:00,15.24,10.05,,EPA-71
7,2022-03-22 07:00:00,15.91,10.64,,EPA-71
8,2022-03-22 08:00:00,15.49,10.39,,EPA-71
9,2022-03-22 09:00:00,16.2,11.19,,EPA-71
10,2022-03-22 10:00:00,19.94,14.78,,EPA-71
11,2022-03-22 11:00:00,17.95,11.32,,EPA-71
12,2022-03-22 12:00:00,21.96,13.73,,EPA-71
13,2022-03-22 13:00:00,17.07,10.06,,EPA-71
14,2022-03-22 14:00:00,16.58,10.41,,EPA-71
15,2022-03-22 15:00:00,17.21,11.56,,EPA-71
16,2022-03-22 16:00:00,16.74,11.61,,EPA-71
17,2022-03-22 17:00:00,19.95,12.91,,EPA-71
18,2022-03-22 18:00:00,19.18,14.24,,EPA-71
19,2022-03-22 19:00:00,27.09,21.64,,EPA-71
20,2022-03-22 20:00:00,33.1,27.43,,EPA-71
21,2022-03-22 21:00:00,49.63,44.62,,EPA-71
22,2022-03-22 22:00:00,43.88,37.28,,EPA-71
23,2022-03-22 23:00:00,30.27,23.31,,EPA-71
0,2022-03-22 00:00:00,16.47,11.61,,EPA-24
1,2022-03-22 01:00:00,16.35,11.11,,EPA-24
2,2022-03-22 02:00:00,17.43,12.95,,EPA-24
3,2022-03-22 03:00:00,19.88,15.16,,EPA-24
4,2022-03-22 04:00:00,20.22,14.78,,EPA-24
5,2022-03-22 05:00:00,22.31,16.13,,EPA-24
6,2022-03-22 06:00:00,23.42,17.8,,EPA-24
7,2022-03-22 07:00:00,25.94,19.45,,EPA-24
8,2022-03-22 08:00:00,27.91,20.91,,EPA-24
9,2022-03-22 09:00:00,27.62,20.61,,EPA-24
10,2022-03-22 10:00:00,25.49,18.73,,EPA-24
11,2022-03-22 11:00:00,26.08,19.17,,EPA-24
12,2022-03-22 12:00:00,29.94,22.74,,EPA-24
13,2022-03-22 13:00:00,31.31,24.25,,EPA-24
14,2022-03-22 14:00:00,32.04,25.62,,EPA-24
15,2022-03-22 15:00:00,31.33,24.31,,EPA-24
16,2022-03-22 16:00:00,32.73,24.52,,EPA-24
17,2022-03-22 17:00:00,36.27,27.89,,EPA-24
18,2022-03-22 18:00:00,33.68,26.05,,EPA-24
19,2022-03-22 19:00:00,37.06,29.03,,EPA-24
20,2022-03-22 20:00:00,34.33,26.1,,EPA-24
21,2022-03-22 21:00:00,36.84,28.36,,EPA-24
22,2022-03-22 22:00:00,32.24,22.97,,EPA-24
23,2022-03-22 23:00:00,37.76,29.5,,EPA-24
0,2022-03-22 00:00:00,41.87,23.48,0.16,EPA-76
1,2022-03-22 01:00:00,40.04,26.29,1.21,EPA-76
2,2022-03-22 02:00:00,39.11,29.94,0.84,EPA-76
3,2022-03-22 03:00:00,44.75,35.19,0.61,EPA-76
4,2022-03-22 04:00:00,45.62,36.81,0.13,EPA-76
5,2022-03-22 05:00:00,44.56,36.87,0.24,EPA-76
6,2022-03-22 06:00:00,46.76,37.56,1.25,EPA-76
7,2022-03-22 07:00:00,46.15,35.28,2.33,EPA-76
8,2022-03-22 08:00:00,49.36,35.02,1.97,EPA-76
9,2022-03-22 09:00:00,39.86,27.47,4.15,EPA-76
10,2022-03-22 10:00:00,38.2,23.69,1.76,EPA-76
11,2022-03-22 11:00:00,55.99,24.69,1.29,EPA-76
12,2022-03-22 12:00:00,40.15,21.03,1.82,EPA-76
13,2022-03-22 13:00:00,44.77,22.0,2.84,EPA-76
14,2022-03-22 14:00:00,44.17,23.22,1.94,EPA-76
15,2022-03-22 15:00:00,38.12,22.09,3.36,EPA-76
16,2022-03-22 16:00:00,44.16,22.74,2.25,EPA-76
17,2022-03-22 17:00:00,36.47,19.59,1.35,EPA-76
18,2022-03-22 18:00:00,32.09,18.38,0.96,EPA-76
19,2022-03-22 19:00:00,29.44,20.17,0.72,EPA-76
20,2022-03-22 20:00:00,31.87,19.41,0.78,EPA-76
21,2022-03-22 21:00:00,24.4,16.75,0.24,EPA-76
22,2022-03-22 22:00:00,31.87,18.13,0.67,EPA-76
23,2022-03-22 23:00:00,24.83,16.09,0.31,EPA-76
0,2022-03-22 00:00:00,49.0,43.78,4.28,EPA-102
1,2022-03-22 01:00:00,25.58,20.89,3.88,EPA-102
2,2022-03-22 02:00:00,23.25,20.29,4.0,EPA-102
3,2022-03-22 03:00:00,14.58,11.36,4.02,EPA-102
4,2022-03-22 04:00:00,14.72,11.27,3.91,EPA-102
5,2022-03-22 05:00:00,15.58,11.34,3.78,EPA-102
6,2022-03-22 06:00:00,16.67,13.11,4.46,EPA-102
7,2022-03-22 07:00:00,18.43,14.69,3.76,EPA-102
8,2022-03-22 08:00:00,21.57,15.65,3.73,EPA-102
9,2022-03-22 09:00:00,23.13,16.43,4.23,EPA-102
10,2022-03-22 10:00:00,28.46,20.5,4.97,EPA-102
11,2022-03-22 11:00:00,22.19,15.07,4.46,EPA-102
12,2022-03-22 12:00:00,27.47,19.08,5.07,EPA-102
13,2022-03-22 13:00:00,27.07,19.81,4.84,EPA-102
14,2022-03-22 14:00:00,24.5,17.35,4.79,EPA-102
15,2022-03-22 15:00:00,21.17,15.09,4.66,EPA-102
16,2022-03-22 16:00:00,25.51,19.0,5.55,EPA-102
17,2022-03-22 17:00:00,24.77,18.99,4.67,EPA-102
18,2022-03-22 18:00:00,35.56,29.29,5.4,EPA-102
19,2022-03-22 19:00:00,53.01,46.44,7.93,EPA-102
20,2022-03-22 20:00:00,82.33,76.33,9.19,EPA-102
21,2022-03-22 21:00:00,38.41,32.34,7.59,EPA-102
22,2022-03-22 22:00:00,85.44,79.11,6.99,EPA-102
23,2022-03-22 23:00:00,39.77,33.86,5.91,EPA-102
0,2022-03-22 00:00:00,20.54,13.36,,EPA-10
1,2022-03-22 01:00:00,20.75,13.17,,EPA-10
2,2022-03-22 02:00:00,20.61,12.9,,EPA-10
3,2022-03-22 03:00:00,22.43,14.6,,EPA-10
4,2022-03-22 04:00:00,22.38,15.3,,EPA-10
5,2022-03-22 05:00:00,25.24,16.77,,EPA-10
6,2022-03-22 06:00:00,26.57,18.09,,EPA-10
7,2022-03-22 07:00:00,25.55,17.27,,EPA-10
8,2022-03-22 08:00:00,26.81,18.35,,EPA-10
9,2022-03-22 09:00:00,26.57,18.16,,EPA-10
10,2022-03-22 10:00:00,28.35,18.0,,EPA-10
11,2022-03-22 11:00:00,27.41,17.45,,EPA-10
12,2022-03-22 12:00:00,26.93,16.82,,EPA-10
13,2022-03-22 13:00:00,26.54,17.45,,EPA-10
14,2022-03-22 14:00:00,25.05,17.1,,EPA-10
15,2022-03-22 15:00:00,25.6,16.32,,EPA-10
16,2022-03-22 16:00:00,24.52,16.55,,EPA-10
17,2022-03-22 17:00:00,25.14,17.56,,EPA-10
18,2022-03-22 18:00:00,27.61,18.93,,EPA-10
19,2022-03-22 19:00:00,29.55,19.63,,EPA-10
20,2022-03-22 20:00:00,31.04,21.66,,EPA-10
21,2022-03-22 21:00:00,31.87,22.39,,EPA-10
22,2022-03-22 22:00:00,32.89,22.67,,EPA-10
23,2022-03-22 23:00:00,30.31,20.83,,EPA-10
0,2022-03-22 00:00:00,33.98,27.82,,EPA-34
1,2022-03-22 01:00:00,28.6,23.34,,EPA-34
2,2022-03-22 02:00:00,30.52,25.04,,EPA-34
3,2022-03-22 03:00:00,31.96,26.87,,EPA-34
4,2022-03-22 04:00:00,41.36,34.61,,EPA-34
5,2022-03-22 05:00:00,44.03,37.31,,EPA-34
6,2022-03-22 06:00:00,44.66,37.51,,EPA-34
7,2022-03-22 07:00:00,42.05,35.78,,EPA-34
8,2022-03-22 08:00:00,36.35,30.82,,EPA-34
9,2022-03-22 09:00:00,27.29,22.13,,EPA-34
10,2022-03-22 10:00:00,23.38,18.67,,EPA-34
11,2022-03-22 11:00:00,23.5,18.15,,EPA-34
12,2022-03-22 12:00:00,23.33,17.5,,EPA-34
13,2022-03-22 13:00:00,25.41,19.65,,EPA-34
14,2022-03-22 14:00:00,25.83,20.49,,EPA-34
15,2022-03-22 15:00:00,23.98,18.21,,EPA-34
16,2022-03-22 16:00:00,23.16,17.45,,EPA-34
17,2022-03-22 17:00:00,22.76,17.15,,EPA-34
18,2022-03-22 18:00:00,31.24,21.37,,EPA-34
19,2022-03-22 19:00:00,30.37,22.67,,EPA-34
20,2022-03-22 20:00:00,32.02,24.78,,EPA-34
21,2022-03-22 21:00:00,26.35,20.91,,EPA-34
22,2022-03-22 22:00:00,25.69,20.92,,EPA-34
23,2022-03-22 23:00:00,23.19,16.67,,EPA-34
0,2022-03-22 00:00:00,30.04,23.0,3.22,EPA-55
1,2022-03-22 01:00:00,33.44,25.67,4.69,EPA-55
2,2022-03-22 02:00:00,38.78,31.43,2.52,EPA-55
3,2022-03-22 03:00:00,45.9,39.12,2.13,EPA-55
4,2022-03-22 04:00:00,46.29,39.98,2.26,EPA-55
5,2022-03-22 05:00:00,45.33,39.57,2.02,EPA-55
6,2022-03-22 06:00:00,43.05,36.18,3.05,EPA-55
7,2022-03-22 07:00:00,39.42,32.63,2.0,EPA-55
8,2022-03-22 08:00:00,30.42,22.58,3.05,EPA-55
9,2022-03-22 09:00:00,32.91,23.02,2.7,EPA-55
10,2022-03-22 10:00:00,35.12,21.07,2.61,EPA-55
11,2022-03-22 11:00:00,35.74,20.13,2.77,EPA-55
12,2022-03-22 12:00:00,41.16,19.55,0.56,EPA-55
13,2022-03-22 13:00:00,54.97,22.38,2.79,EPA-55
14,2022-03-22 14:00:00,39.42,21.63,2.41,EPA-55
15,2022-03-22 15:00:00,41.4,22.0,1.3,EPA-55
16,2022-03-22 16:00:00,35.07,19.08,3.71,EPA-55
17,2022-03-22 17:00:00,31.43,18.33,2.7,EPA-55
18,2022-03-22 18:00:00,30.2,17.67,3.68,EPA-55
19,2022-03-22 19:00:00,36.57,22.46,3.08,EPA-55
20,2022-03-22 20:00:00,33.98,23.54,2.42,EPA-55
21,2022-03-22 21:00:00,33.95,24.55,1.6,EPA-55
22,2022-03-22 22:00:00,29.59,22.39,2.42,EPA-55
23,2022-03-22 23:00:00,49.88,35.63,2.97,EPA-55
0,2022-03-22 00:00:00,32.96,23.26,,EPA-29
1,2022-03-22 01:00:00,31.64,23.5,,EPA-29
2,2022-03-22 02:00:00,32.45,24.65,,EPA-29
3,2022-03-22 03:00:00,31.36,24.97,,EPA-29
4,2022-03-22 04:00:00,33.68,27.6,,EPA-29
5,2022-03-22 05:00:00,35.25,29.85,,EPA-29
6,2022-03-22 06:00:00,35.37,30.22,,EPA-29
7,2022-03-22 07:00:00,35.73,29.24,,EPA-29
8,2022-03-22 08:00:00,43.15,29.81,,EPA-29
9,2022-03-22 09:00:00,34.19,23.36,,EPA-29
10,2022-03-22 10:00:00,30.75,18.71,,EPA-29
11,2022-03-22 11:00:00,32.65,17.42,,EPA-29
12,2022-03-22 12:00:00,30.84,17.21,,EPA-29
13,2022-03-22 13:00:00,34.74,17.83,,EPA-29
14,2022-03-22 14:00:00,34.06,18.84,,EPA-29
15,2022-03-22 15:00:00,38.99,19.6,,EPA-29
16,2022-03-22 16:00:00,36.3,18.6,,EPA-29
17,2022-03-22 17:00:00,33.79,17.43,,EPA-29
18,2022-03-22 18:00:00,32.99,17.32,,EPA-29
19,2022-03-22 19:00:00,41.6,19.04,,EPA-29
20,2022-03-22 20:00:00,54.48,22.96,,EPA-29
21,2022-03-22 21:00:00,56.43,25.81,,EPA-29
22,2022-03-22 22:00:00,75.24,27.0,,EPA-29
23,2022-03-22 23:00:00,43.07,22.93,,EPA-29
0,2022-03-22 00:00:00,31.63,23.89,,EPA-47
1,2022-03-22 01:00:00,31.57,23.92,,EPA-47
2,2022-03-22 02:00:00,35.97,28.2,,EPA-47
3,2022-03-22 03:00:00,42.56,34.05,,EPA-47
4,2022-03-22 04:00:00,43.4,36.69,,EPA-47
5,2022-03-22 05:00:00,45.01,38.1,,EPA-47
6,2022-03-22 06:00:00,43.27,36.67,,EPA-47
7,2022-03-22 07:00:00,40.68,33.91,,EPA-47
8,2022-03-22 08:00:00,39.67,32.33,,EPA-47
9,2022-03-22 09:00:00,32.72,23.9,,EPA-47
10,2022-03-22 10:00:00,28.47,20.57,,EPA-47
11,2022-03-22 11:00:00,26.48,19.13,,EPA-47
12,2022-03-22 12:00:00,28.24,18.34,,EPA-47
13,2022-03-22 13:00:00,26.48,18.24,,EPA-47
14,2022-03-22 14:00:00,29.01,20.17,,EPA-47
15,2022-03-22 15:00:00,29.2,19.39,,EPA-47
16,2022-03-22 16:00:00,27.34,17.84,,EPA-47
17,2022-03-22 17:00:00,22.7,15.98,,EPA-47
18,2022-03-22 18:00:00,24.75,16.43,,EPA-47
19,2022-03-22 19:00:00,34.97,24.9,,EPA-47
20,2022-03-22 20:00:00,33.4,23.96,,EPA-47
21,2022-03-22 21:00:00,36.86,27.23,,EPA-47
22,2022-03-22 22:00:00,29.02,23.1,,EPA-47
23,2022-03-22 23:00:00,25.18,18.13,,EPA-47
0,2022-03-22 00:00:00,33.56,24.56,,EPA-84
1,2022-03-22 01:00:00,32.0,24.42,,EPA-84
2,2022-03-22 02:00:00,38.99,31.96,,EPA-84
3,2022-03-22 03:00:00,46.39,38.53,,EPA-84
4,2022-03-22 04:00:00,46.89,38.99,,EPA-84
5,2022-03-22 05:00:00,47.65,38.99,,EPA-84
6,2022-03-22 06:00:00,42.09,34.24,,EPA-84
7,2022-03-22 07:00:00,36.35,29.5,,EPA-84
8,2022-03-22 08:00:00,30.76,24.72,,EPA-84
9,2022-03-22 09:00:00,27.36,20.29,,EPA-84
10,2022-03-22 10:00:00,24.52,18.3,,EPA-84
11,2022-03-22 11:00:00,20.21,14.32,,EPA-84
12,2022-03-22 12:00:00,20.31,13.79,,EPA-84
13,2022-03-22 13:00:00,24.26,14.67,,EPA-84
14,2022-03-22 14:00:00,22.77,15.18,,EPA-84
15,2022-03-22 15:00:00,22.98,15.02,,EPA-84
16,2022-03-22 16:00:00,23.17,14.74,,EPA-84
17,2022-03-22 17:00:00,27.41,17.81,,EPA-84
18,2022-03-22 18:00:00,39.38,28.1,,EPA-84
19,2022-03-22 19:00:00,47.94,35.96,,EPA-84
20,2022-03-22 20:00:00,54.3,43.23,,EPA-84
21,2022-03-22 21:00:00,45.28,35.23,,EPA-84
22,2022-03-22 22:00:00,42.01,32.76,,EPA-84
23,2022-03-22 23:00:00,50.79,40.15,,EPA-84
0,2022-03-22 00:00:00,34.37,27.23,,EPA-49
1,2022-03-22 01:00:00,31.64,26.2,,EPA-49
2,2022-03-22 02:00:00,31.06,25.86,,EPA-49
3,2022-03-22 03:00:00,32.37,26.82,,EPA-49
4,2022-03-22 04:00:00,40.09,32.92,,EPA-49
5,2022-03-22 05:00:00,36.82,31.35,,EPA-49
6,2022-03-22 06:00:00,37.98,32.4,,EPA-49
7,2022-03-22 07:00:00,37.68,31.82,,EPA-49
8,2022-03-22 08:00:00,29.04,23.68,,EPA-49
9,2022-03-22 09:00:00,24.74,19.17,,EPA-49
10,2022-03-22 10:00:00,25.08,17.48,,EPA-49
11,2022-03-22 11:00:00,23.2,16.35,,EPA-49
12,2022-03-22 12:00:00,25.55,17.58,,EPA-49
13,2022-03-22 13:00:00,26.2,18.3,,EPA-49
14,2022-03-22 13:01:00,,,,EPA-49
15,2022-03-22 14:00:00,20.51,15.17,,EPA-49
16,2022-03-22 14:01:00,,,,EPA-49
17,2022-03-22 15:00:00,21.05,15.3,,EPA-49
18,2022-03-22 16:00:00,27.46,18.04,,EPA-49
19,2022-03-22 17:00:00,29.36,19.01,,EPA-49
20,2022-03-22 18:00:00,38.84,22.89,,EPA-49
21,2022-03-22 19:00:00,32.04,23.64,,EPA-49
22,2022-03-22 20:00:00,34.39,27.51,,EPA-49
23,2022-03-22 21:00:00,39.76,31.65,,EPA-49
24,2022-03-22 22:00:00,33.42,27.83,,EPA-49
25,2022-03-22 23:00:00,35.24,29.35,,EPA-49
0,2022-03-22 00:00:00,34.43,25.12,,EPA-57
1,2022-03-22 01:00:00,33.32,24.46,,EPA-57
2,2022-03-22 02:00:00,33.54,25.92,,EPA-57
3,2022-03-22 03:00:00,32.6,25.7,,EPA-57
4,2022-03-22 04:00:00,34.76,27.95,,EPA-57
5,2022-03-22 05:00:00,39.61,32.88,,EPA-57
6,2022-03-22 06:00:00,37.28,31.74,,EPA-57
7,2022-03-22 07:00:00,37.67,31.6,,EPA-57
8,2022-03-22 08:00:00,38.45,31.41,,EPA-57
9,2022-03-22 09:00:00,30.19,21.66,,EPA-57
10,2022-03-22 10:00:00,28.17,18.71,,EPA-57
11,2022-03-22 11:00:00,30.36,17.82,,EPA-57
12,2022-03-22 12:00:00,32.41,18.17,,EPA-57
13,2022-03-22 13:00:00,31.52,18.94,,EPA-57
14,2022-03-22 14:00:00,31.02,19.53,,EPA-57
15,2022-03-22 15:00:00,31.56,17.17,,EPA-57
16,2022-03-22 16:00:00,30.88,17.54,,EPA-57
17,2022-03-22 17:00:00,32.78,19.84,,EPA-57
18,2022-03-22 18:00:00,34.29,20.66,,EPA-57
19,2022-03-22 19:00:00,34.6,21.16,,EPA-57
20,2022-03-22 20:00:00,37.57,23.5,,EPA-57
21,2022-03-22 21:00:00,38.92,25.77,,EPA-57
22,2022-03-22 22:00:00,29.7,21.23,,EPA-57
23,2022-03-22 23:00:00,29.38,21.44,,EPA-57
0,2022-03-22 00:00:00,32.2,27.29,1.06,EPA-16
1,2022-03-22 01:00:00,24.73,20.83,1.05,EPA-16
2,2022-03-22 02:00:00,22.1,19.0,0.65,EPA-16
3,2022-03-22 03:00:00,20.22,15.6,0.92,EPA-16
4,2022-03-22 04:00:00,23.14,13.86,0.92,EPA-16
5,2022-03-22 05:00:00,16.68,13.39,0.94,EPA-16
6,2022-03-22 06:00:00,19.58,15.48,0.74,EPA-16
7,2022-03-22 07:00:00,20.98,16.77,0.87,EPA-16
8,2022-03-22 08:00:00,22.48,18.49,1.0,EPA-16
9,2022-03-22 09:00:00,23.62,19.34,0.94,EPA-16
10,2022-03-22 10:00:00,26.93,20.51,1.28,EPA-16
11,2022-03-22 11:00:00,25.26,19.17,1.81,EPA-16
12,2022-03-22 12:00:00,24.01,16.96,1.66,EPA-16
13,2022-03-22 13:00:00,22.76,16.46,1.45,EPA-16
14,2022-03-22 14:00:00,24.92,17.83,1.89,EPA-16
15,2022-03-22 15:00:00,24.08,17.04,1.09,EPA-16
16,2022-03-22 16:00:00,19.89,13.84,0.92,EPA-16
17,2022-03-22 17:00:00,21.35,16.33,0.7,EPA-16
18,2022-03-22 18:00:00,22.2,16.85,0.63,EPA-16
19,2022-03-22 19:00:00,25.94,19.57,1.24,EPA-16
20,2022-03-22 20:00:00,30.72,24.05,1.51,EPA-16
21,2022-03-22 21:00:00,40.05,33.4,2.22,EPA-16
22,2022-03-22 22:00:00,29.88,23.94,1.16,EPA-16
23,2022-03-22 23:00:00,28.95,22.29,1.58,EPA-16
0,2022-03-22 00:00:00,30.02,24.37,,EPA-54
1,2022-03-22 01:00:00,23.61,18.8,,EPA-54
2,2022-03-22 02:00:00,17.67,13.65,,EPA-54
3,2022-03-22 03:00:00,14.13,11.04,,EPA-54
4,2022-03-22 04:00:00,16.89,12.37,,EPA-54
5,2022-03-22 05:00:00,17.95,14.17,,EPA-54
6,2022-03-22 06:00:00,18.88,14.95,,EPA-54
7,2022-03-22 07:00:00,20.41,16.38,,EPA-54
8,2022-03-22 08:00:00,21.51,17.64,,EPA-54
9,2022-03-22 09:00:00,22.66,18.15,,EPA-54
10,2022-03-22 10:00:00,25.48,19.35,,EPA-54
11,2022-03-22 11:00:00,23.28,17.22,,EPA-54
12,2022-03-22 12:00:00,22.23,16.07,,EPA-54
13,2022-03-22 13:00:00,22.49,16.76,,EPA-54
14,2022-03-22 14:00:00,25.43,18.19,,EPA-54
15,2022-03-22 15:00:00,25.06,18.84,,EPA-54
16,2022-03-22 16:00:00,24.83,19.02,,EPA-54
17,2022-03-22 17:00:00,26.2,20.4,,EPA-54
18,2022-03-22 18:00:00,23.12,18.39,,EPA-54
19,2022-03-22 19:00:00,27.43,21.57,,EPA-54
20,2022-03-22 20:00:00,30.68,23.8,,EPA-54
21,2022-03-22 21:00:00,31.09,24.11,,EPA-54
22,2022-03-22 22:00:00,29.06,22.71,,EPA-54
23,2022-03-22 23:00:00,27.6,20.18,,EPA-54
0,2022-03-22 00:00:00,57.01,51.03,,EPA-101
1,2022-03-22 01:00:00,47.11,41.39,,EPA-101
2,2022-03-22 02:00:00,37.53,32.51,,EPA-101
3,2022-03-22 03:00:00,30.7,26.19,,EPA-101
4,2022-03-22 04:00:00,28.89,24.68,,EPA-101
5,2022-03-22 05:00:00,32.03,27.87,,EPA-101
6,2022-03-22 06:00:00,34.55,30.13,,EPA-101
7,2022-03-22 07:00:00,34.44,30.77,,EPA-101
8,2022-03-22 08:00:00,36.31,30.35,,EPA-101
9,2022-03-22 09:00:00,27.95,21.26,,EPA-101
10,2022-03-22 10:00:00,24.64,18.13,,EPA-101
11,2022-03-22 11:00:00,24.19,17.03,,EPA-101
12,2022-03-22 12:00:00,24.37,17.14,,EPA-101
13,2022-03-22 13:00:00,27.99,19.73,,EPA-101
14,2022-03-22 14:00:00,27.22,19.33,,EPA-101
15,2022-03-22 15:00:00,24.29,17.33,,EPA-101
16,2022-03-22 16:00:00,24.1,15.74,,EPA-101
17,2022-03-22 17:00:00,27.05,16.48,,EPA-101
18,2022-03-22 18:00:00,28.11,17.92,,EPA-101
19,2022-03-22 19:00:00,32.66,21.96,,EPA-101
20,2022-03-22 20:00:00,39.59,31.23,,EPA-101
21,2022-03-22 21:00:00,36.55,28.97,,EPA-101
22,2022-03-22 22:00:00,26.32,20.77,,EPA-101
23,2022-03-22 23:00:00,21.58,16.65,,EPA-101
0,2022-03-22 00:00:00,21.93,13.12,,EPA-60
1,2022-03-22 01:00:00,22.51,13.43,,EPA-60
2,2022-03-22 02:00:00,23.43,14.81,,EPA-60
3,2022-03-22 03:00:00,25.13,15.83,,EPA-60
4,2022-03-22 04:00:00,26.17,17.62,,EPA-60
5,2022-03-22 05:00:00,26.07,17.9,,EPA-60
6,2022-03-22 06:00:00,25.09,17.18,,EPA-60
7,2022-03-22 07:00:00,27.3,18.64,,EPA-60
8,2022-03-22 08:00:00,27.72,18.53,,EPA-60
9,2022-03-22 09:00:00,28.66,19.27,,EPA-60
10,2022-03-22 10:00:00,27.73,17.73,,EPA-60
11,2022-03-22 11:00:00,27.44,18.13,,EPA-60
12,2022-03-22 12:00:00,27.68,17.51,,EPA-60
13,2022-03-22 13:00:00,27.67,17.48,,EPA-60
14,2022-03-22 14:00:00,26.22,16.58,,EPA-60
15,2022-03-22 15:00:00,25.26,17.13,,EPA-60
16,2022-03-22 16:00:00,27.79,19.0,,EPA-60
17,2022-03-22 17:00:00,31.62,22.61,,EPA-60
18,2022-03-22 18:00:00,30.37,21.12,,EPA-60
19,2022-03-22 19:00:00,30.81,20.61,,EPA-60
20,2022-03-22 20:00:00,33.9,22.65,,EPA-60
21,2022-03-22 21:00:00,33.14,21.98,,EPA-60
22,2022-03-22 22:00:00,34.03,20.82,,EPA-60
23,2022-03-22 23:00:00,32.02,19.48,,EPA-60
0,2022-03-22 00:00:00,34.39,23.55,4.55,EPA-17
1,2022-03-22 01:00:00,34.46,26.83,5.38,EPA-17
2,2022-03-22 02:00:00,35.9,29.12,4.03,EPA-17
3,2022-03-22 03:00:00,41.85,34.18,4.67,EPA-17
4,2022-03-22 04:00:00,46.55,39.04,4.66,EPA-17
5,2022-03-22 05:00:00,47.11,39.97,4.66,EPA-17
6,2022-03-22 06:00:00,47.84,40.42,4.62,EPA-17
7,2022-03-22 07:00:00,51.28,37.47,5.09,EPA-17
8,2022-03-22 08:00:00,57.6,34.42,5.5,EPA-17
9,2022-03-22 09:00:00,94.45,33.55,6.12,EPA-17
10,2022-03-22 10:00:00,79.56,29.64,7.94,EPA-17
11,2022-03-22 11:00:00,98.68,33.22,11.71,EPA-17
12,2022-03-22 12:00:00,106.98,30.32,6.41,EPA-17
13,2022-03-22 13:00:00,91.68,29.69,6.95,EPA-17
14,2022-03-22 14:00:00,111.32,33.06,6.32,EPA-17
15,2022-03-22 15:00:00,80.94,27.66,5.99,EPA-17
16,2022-03-22 16:00:00,89.96,29.47,8.87,EPA-17
17,2022-03-22 17:00:00,67.15,26.77,8.08,EPA-17
18,2022-03-22 18:00:00,44.77,25.73,8.82,EPA-17
19,2022-03-22 19:00:00,58.0,27.53,6.98,EPA-17
20,2022-03-22 20:00:00,74.63,28.87,4.97,EPA-17
21,2022-03-22 21:00:00,55.7,25.92,5.19,EPA-17
22,2022-03-22 22:00:00,29.94,19.23,5.25,EPA-17
23,2022-03-22 23:00:00,27.38,18.53,5.16,EPA-17
0,2022-03-22 00:00:00,13.91,9.62,,EPA-75
1,2022-03-22 01:00:00,12.15,8.32,,EPA-75
2,2022-03-22 02:00:00,13.12,8.46,,EPA-75
3,2022-03-22 03:00:00,13.45,9.15,,EPA-75
4,2022-03-22 04:00:00,16.65,12.02,,EPA-75
5,2022-03-22 05:00:00,22.05,17.36,,EPA-75
6,2022-03-22 06:00:00,24.08,19.2,,EPA-75
7,2022-03-22 07:00:00,23.96,18.56,,EPA-75
8,2022-03-22 08:00:00,24.8,19.55,,EPA-75
9,2022-03-22 09:00:00,25.52,20.17,,EPA-75
10,2022-03-22 10:00:00,25.95,19.68,,EPA-75
11,2022-03-22 11:00:00,21.11,17.17,,EPA-75
12,2022-03-22 12:00:00,19.9,16.41,,EPA-75
13,2022-03-22 13:00:00,22.84,16.85,,EPA-75
14,2022-03-22 14:00:00,25.12,17.91,,EPA-75
15,2022-03-22 15:00:00,22.33,15.56,,EPA-75
16,2022-03-22 16:00:00,22.24,15.52,,EPA-75
17,2022-03-22 17:00:00,22.6,13.95,,EPA-75
18,2022-03-22 18:00:00,25.34,14.89,,EPA-75
19,2022-03-22 19:00:00,21.64,13.69,,EPA-75
20,2022-03-22 20:00:00,25.93,18.83,,EPA-75
21,2022-03-22 21:00:00,29.12,23.47,,EPA-75
22,2022-03-22 22:00:00,30.96,23.29,,EPA-75
23,2022-03-22 23:00:00,31.12,23.8,,EPA-75
0,2022-03-22 00:00:00,37.18,29.14,,EPA-68
1,2022-03-22 01:00:00,32.57,25.83,,EPA-68
2,2022-03-22 02:00:00,31.57,26.11,,EPA-68
3,2022-03-22 03:00:00,33.36,26.92,,EPA-68
4,2022-03-22 04:00:00,32.97,27.91,,EPA-68
5,2022-03-22 05:00:00,41.15,35.49,,EPA-68
6,2022-03-22 06:00:00,42.75,37.15,,EPA-68
7,2022-03-22 07:00:00,38.94,34.01,,EPA-68
8,2022-03-22 08:00:00,37.53,31.86,,EPA-68
9,2022-03-22 09:00:00,32.27,25.53,,EPA-68
10,2022-03-22 10:00:00,32.87,20.56,,EPA-68
11,2022-03-22 11:00:00,35.98,19.4,,EPA-68
12,2022-03-22 12:00:00,31.71,17.56,,EPA-68
13,2022-03-22 13:00:00,31.69,15.92,,EPA-68
14,2022-03-22 14:00:00,25.83,15.01,,EPA-68
15,2022-03-22 15:00:00,25.56,15.79,,EPA-68
16,2022-03-22 16:00:00,28.21,17.97,,EPA-68
17,2022-03-22 17:00:00,29.89,17.85,,EPA-68
18,2022-03-22 18:00:00,31.44,19.19,,EPA-68
19,2022-03-22 19:00:00,37.14,20.64,,EPA-68
20,2022-03-22 20:00:00,39.08,25.04,,EPA-68
21,2022-03-22 21:00:00,44.85,30.9,,EPA-68
22,2022-03-22 22:00:00,44.98,32.98,,EPA-68
23,2022-03-22 23:00:00,45.82,35.48,,EPA-68
0,2022-03-22 00:00:00,38.25,31.18,,EPA-43
1,2022-03-22 01:00:00,35.74,30.63,,EPA-43
2,2022-03-22 02:00:00,33.99,29.31,,EPA-43
3,2022-03-22 03:00:00,25.83,22.02,,EPA-43
4,2022-03-22 04:00:00,19.28,16.55,,EPA-43
5,2022-03-22 05:00:00,16.28,13.5,,EPA-43
6,2022-03-22 06:00:00,16.09,13.16,,EPA-43
7,2022-03-22 07:00:00,18.14,14.69,,EPA-43
8,2022-03-22 08:00:00,22.94,19.51,,EPA-43
9,2022-03-22 09:00:00,25.2,21.41,,EPA-43
10,2022-03-22 10:00:00,25.86,20.59,,EPA-43
11,2022-03-22 11:00:00,25.63,18.91,,EPA-43
12,2022-03-22 12:00:00,29.03,20.16,,EPA-43
13,2022-03-22 13:00:00,24.65,16.2,,EPA-43
14,2022-03-22 14:00:00,18.61,10.79,,EPA-43
15,2022-03-22 15:00:00,20.17,12.93,,EPA-43
16,2022-03-22 16:00:00,21.41,12.91,,EPA-43
17,2022-03-22 17:00:00,22.66,14.82,,EPA-43
18,2022-03-22 18:00:00,19.11,14.69,,EPA-43
19,2022-03-22 19:00:00,29.49,23.27,,EPA-43
20,2022-03-22 20:00:00,36.33,30.41,,EPA-43
21,2022-03-22 21:00:00,35.74,28.42,,EPA-43
22,2022-03-22 22:00:00,38.34,32.43,,EPA-43
23,2022-03-22 23:00:00,28.24,22.76,,EPA-43
0,2022-03-22 00:00:00,19.87,14.25,,EPA-85
1,2022-03-22 01:00:00,16.04,11.28,,EPA-85
2,2022-03-22 02:00:00,12.41,8.14,,EPA-85
3,2022-03-22 03:00:00,12.88,8.8,,EPA-85
4,2022-03-22 04:00:00,12.62,8.69,,EPA-85
5,2022-03-22 05:00:00,14.83,10.64,,EPA-85
6,2022-03-22 06:00:00,19.69,15.06,,EPA-85
7,2022-03-22 07:00:00,23.45,17.91,,EPA-85
8,2022-03-22 08:00:00,23.14,17.79,,EPA-85
9,2022-03-22 09:00:00,25.72,18.21,,EPA-85
10,2022-03-22 10:00:00,28.21,19.63,,EPA-85
11,2022-03-22 11:00:00,23.93,18.23,,EPA-85
12,2022-03-22 12:00:00,21.33,14.73,,EPA-85
13,2022-03-22 13:00:00,18.42,14.01,,EPA-85
14,2022-03-22 14:00:00,19.54,13.88,,EPA-85
15,2022-03-22 15:00:00,16.86,11.75,,EPA-85
16,2022-03-22 16:00:00,16.53,10.45,,EPA-85
17,2022-03-22 17:00:00,20.5,13.95,,EPA-85
18,2022-03-22 18:00:00,24.54,16.89,,EPA-85
19,2022-03-22 19:00:00,26.8,20.15,,EPA-85
20,2022-03-22 20:00:00,28.75,21.63,,EPA-85
21,2022-03-22 21:00:00,33.36,25.35,,EPA-85
22,2022-03-22 22:00:00,27.43,20.16,,EPA-85
23,2022-03-22 23:00:00,25.67,18.45,,EPA-85
0,2022-03-22 00:00:00,20.55,15.29,,EPA-39
1,2022-03-22 01:00:00,17.58,11.74,,EPA-39
2,2022-03-22 02:00:00,12.59,8.34,,EPA-39
3,2022-03-22 03:00:00,12.86,8.68,,EPA-39
4,2022-03-22 04:00:00,12.57,8.61,,EPA-39
5,2022-03-22 05:00:00,14.05,9.79,,EPA-39
6,2022-03-22 06:00:00,18.97,14.65,,EPA-39
7,2022-03-22 07:00:00,22.89,17.82,,EPA-39
8,2022-03-22 08:00:00,23.55,17.99,,EPA-39
9,2022-03-22 09:00:00,23.53,17.6,,EPA-39
10,2022-03-22 10:00:00,25.56,18.75,,EPA-39
11,2022-03-22 11:00:00,23.54,17.74,,EPA-39
12,2022-03-22 12:00:00,21.51,15.0,,EPA-39
13,2022-03-22 13:00:00,18.07,13.27,,EPA-39
14,2022-03-22 14:00:00,18.88,13.71,,EPA-39
15,2022-03-22 15:00:00,18.41,11.37,,EPA-39
16,2022-03-22 16:00:00,17.62,10.53,,EPA-39
17,2022-03-22 17:00:00,20.01,13.21,,EPA-39
18,2022-03-22 18:00:00,22.88,16.35,,EPA-39
19,2022-03-22 19:00:00,28.14,21.32,,EPA-39
20,2022-03-22 20:00:00,29.69,23.57,,EPA-39
21,2022-03-22 21:00:00,31.56,24.27,,EPA-39
22,2022-03-22 22:00:00,27.81,21.13,,EPA-39
23,2022-03-22 23:00:00,26.39,19.11,,EPA-39
0,2022-03-22 00:00:00,32.91,23.54,,EPA-52
1,2022-03-22 01:00:00,37.42,27.24,,EPA-52
2,2022-03-22 02:00:00,46.73,35.92,,EPA-52
3,2022-03-22 03:00:00,52.9,44.96,,EPA-52
4,2022-03-22 04:00:00,56.08,47.95,,EPA-52
5,2022-03-22 05:00:00,55.14,48.14,,EPA-52
6,2022-03-22 06:00:00,55.92,48.23,,EPA-52
7,2022-03-22 07:00:00,52.4,43.48,,EPA-52
8,2022-03-22 08:00:00,41.81,34.12,,EPA-52
9,2022-03-22 09:00:00,44.03,37.48,,EPA-52
10,2022-03-22 10:00:00,35.07,28.68,,EPA-52
11,2022-03-22 11:00:00,32.66,25.46,,EPA-52
12,2022-03-22 12:00:00,28.73,22.34,,EPA-52
13,2022-03-22 13:00:00,28.05,20.74,,EPA-52
14,2022-03-22 14:00:00,32.36,23.14,,EPA-52
15,2022-03-22 15:00:00,32.82,24.43,,EPA-52
16,2022-03-22 16:00:00,33.05,23.12,,EPA-52
17,2022-03-22 17:00:00,27.4,19.1,,EPA-52
18,2022-03-22 18:00:00,24.26,17.66,,EPA-52
19,2022-03-22 19:00:00,28.82,21.17,,EPA-52
20,2022-03-22 20:00:00,28.75,20.91,,EPA-52
21,2022-03-22 21:00:00,22.79,16.98,,EPA-52
22,2022-03-22 22:00:00,23.84,18.07,,EPA-52
23,2022-03-22 23:00:00,21.55,16.04,,EPA-52
0,2022-03-22 00:00:00,19.03,14.64,,EPA-66
1,2022-03-22 01:00:00,18.39,13.1,,EPA-66
2,2022-03-22 02:00:00,17.9,12.49,,EPA-66
3,2022-03-22 03:00:00,15.47,11.19,,EPA-66
4,2022-03-22 04:00:00,17.03,12.84,,EPA-66
5,2022-03-22 05:00:00,20.26,15.96,,EPA-66
6,2022-03-22 06:00:00,21.97,17.55,,EPA-66
7,2022-03-22 07:00:00,24.92,20.41,,EPA-66
8,2022-03-22 08:00:00,26.45,22.0,,EPA-66
9,2022-03-22 09:00:00,29.26,22.9,,EPA-66
10,2022-03-22 10:00:00,30.09,24.32,,EPA-66
11,2022-03-22 11:00:00,30.74,21.35,,EPA-66
12,2022-03-22 12:00:00,26.53,19.64,,EPA-66
13,2022-03-22 13:00:00,24.09,19.36,,EPA-66
14,2022-03-22 14:00:00,27.29,19.87,,EPA-66
15,2022-03-22 15:00:00,31.95,19.86,,EPA-66
16,2022-03-22 16:00:00,33.23,21.29,,EPA-66
17,2022-03-22 17:00:00,28.92,21.5,,EPA-66
18,2022-03-22 18:00:00,34.07,25.11,,EPA-66
19,2022-03-22 19:00:00,38.43,30.26,,EPA-66
20,2022-03-22 20:00:00,45.95,38.86,,EPA-66
21,2022-03-22 21:00:00,47.28,39.42,,EPA-66
22,2022-03-22 22:00:00,40.78,32.99,,EPA-66
23,2022-03-22 23:00:00,28.2,20.22,,EPA-66
0,2022-03-22 00:00:00,15.84,10.21,,EPA-82
1,2022-03-22 01:00:00,14.44,9.93,,EPA-82
2,2022-03-22 02:00:00,15.16,10.17,,EPA-82
3,2022-03-22 03:00:00,16.43,11.41,,EPA-82
4,2022-03-22 04:00:00,15.99,11.17,,EPA-82
5,2022-03-22 05:00:00,22.7,12.86,,EPA-82
6,2022-03-22 06:00:00,21.42,14.5,,EPA-82
7,2022-03-22 07:00:00,18.1,13.54,,EPA-82
8,2022-03-22 08:00:00,19.77,14.5,,EPA-82
9,2022-03-22 09:00:00,19.89,14.03,,EPA-82
10,2022-03-22 10:00:00,18.35,13.38,,EPA-82
11,2022-03-22 11:00:00,19.16,13.55,,EPA-82
12,2022-03-22 12:00:00,18.65,12.69,,EPA-82
13,2022-03-22 13:00:00,18.68,12.61,,EPA-82
14,2022-03-22 14:00:00,18.71,12.58,,EPA-82
15,2022-03-22 15:00:00,18.3,12.83,,EPA-82
16,2022-03-22 16:00:00,19.53,13.86,,EPA-82
17,2022-03-22 17:00:00,21.46,15.05,,EPA-82
18,2022-03-22 18:00:00,22.36,16.34,,EPA-82
19,2022-03-22 19:00:00,22.64,16.41,,EPA-82
20,2022-03-22 20:00:00,22.46,16.47,,EPA-82
21,2022-03-22 21:00:00,26.85,16.76,,EPA-82
22,2022-03-22 22:00:00,25.86,16.97,,EPA-82
23,2022-03-22 23:00:00,25.98,17.21,,EPA-82
0,2022-03-22 00:00:00,22.03,18.08,,EPA-79
1,2022-03-22 01:00:00,18.01,14.61,,EPA-79
2,2022-03-22 02:00:00,16.33,12.96,,EPA-79
3,2022-03-22 03:00:00,15.95,12.48,,EPA-79
4,2022-03-22 04:00:00,15.8,11.96,,EPA-79
5,2022-03-22 05:00:00,14.36,11.59,,EPA-79
6,2022-03-22 06:00:00,15.34,12.06,,EPA-79
7,2022-03-22 07:00:00,14.95,11.85,,EPA-79
8,2022-03-22 08:00:00,16.96,13.29,,EPA-79
9,2022-03-22 09:00:00,21.25,15.69,,EPA-79
10,2022-03-22 10:00:00,38.3,18.45,,EPA-79
11,2022-03-22 11:00:00,34.44,17.74,,EPA-79
12,2022-03-22 12:00:00,29.12,17.61,,EPA-79
13,2022-03-22 13:00:00,32.5,18.65,,EPA-79
14,2022-03-22 14:00:00,27.66,15.14,,EPA-79
15,2022-03-22 15:00:00,28.35,14.62,,EPA-79
16,2022-03-22 16:00:00,22.84,13.24,,EPA-79
17,2022-03-22 17:00:00,23.36,13.86,,EPA-79
18,2022-03-22 18:00:00,25.53,15.65,,EPA-79
19,2022-03-22 19:00:00,30.68,19.4,,EPA-79
20,2022-03-22 20:00:00,31.45,23.12,,EPA-79
21,2022-03-22 21:00:00,27.43,18.83,,EPA-79
22,2022-03-22 22:00:00,25.36,17.77,,EPA-79
23,2022-03-22 23:00:00,24.24,17.48,,EPA-79
0,2022-03-22 00:00:00,31.59,24.74,,EPA-48
1,2022-03-22 01:00:00,32.21,24.45,,EPA-48
2,2022-03-22 02:00:00,31.67,24.41,,EPA-48
3,2022-03-22 03:00:00,28.83,23.4,,EPA-48
4,2022-03-22 04:00:00,32.3,26.48,,EPA-48
5,2022-03-22 05:00:00,36.49,30.87,,EPA-48
6,2022-03-22 06:00:00,34.59,29.85,,EPA-48
7,2022-03-22 07:00:00,35.09,29.46,,EPA-48
8,2022-03-22 08:00:00,32.44,26.85,,EPA-48
9,2022-03-22 09:00:00,24.55,18.5,,EPA-48
10,2022-03-22 10:00:00,22.63,16.32,,EPA-48
11,2022-03-22 11:00:00,22.95,15.36,,EPA-48
12,2022-03-22 12:00:00,22.77,16.16,,EPA-48
13,2022-03-22 13:00:00,25.97,17.18,,EPA-48
14,2022-03-22 14:00:00,27.5,17.9,,EPA-48
15,2022-03-22 15:00:00,21.55,14.73,,EPA-48
16,2022-03-22 16:00:00,22.91,15.39,,EPA-48
17,2022-03-22 17:00:00,29.07,17.92,,EPA-48
18,2022-03-22 18:00:00,25.12,17.39,,EPA-48
19,2022-03-22 19:00:00,25.57,18.42,,EPA-48
20,2022-03-22 20:00:00,33.97,24.3,,EPA-48
21,2022-03-22 21:00:00,29.28,21.91,,EPA-48
22,2022-03-22 22:00:00,35.65,26.9,,EPA-48
23,2022-03-22 23:00:00,32.82,25.61,,EPA-48
0,2022-03-22 00:00:00,15.54,13.4,,TNO3951
1,2022-03-22 01:00:00,15.13,13.09,,TNO3951
2,2022-03-22 02:00:00,16.72,14.58,,TNO3951
3,2022-03-22 03:00:00,17.31,14.64,,TNO3951
4,2022-03-22 04:00:00,18.21,15.46,,TNO3951
5,2022-03-22 05:00:00,20.27,17.55,,TNO3951
6,2022-03-22 06:00:00,19.29,16.5,,TNO3951
7,2022-03-22 07:00:00,17.78,15.56,,TNO3951
8,2022-03-22 08:00:00,17.84,15.55,,TNO3951
9,2022-03-22 09:00:00,19.78,16.59,,TNO3951
10,2022-03-22 10:00:00,23.85,19.42,,TNO3951
11,2022-03-22 11:00:00,21.05,16.94,,TNO3951
12,2022-03-22 12:00:00,17.25,13.74,,TNO3951
13,2022-03-22 13:00:00,17.79,12.96,,TNO3951
14,2022-03-22 14:00:00,15.31,12.06,,TNO3951
15,2022-03-22 15:00:00,19.77,12.58,,TNO3951
16,2022-03-22 16:00:00,14.89,12.33,,TNO3951
17,2022-03-22 17:00:00,14.81,12.25,,TNO3951
18,2022-03-22 18:00:00,17.69,13.45,,TNO3951
19,2022-03-22 19:00:00,16.63,13.97,,TNO3951
20,2022-03-22 20:00:00,18.5,15.84,,TNO3951
21,2022-03-22 21:00:00,18.44,15.71,,TNO3951
22,2022-03-22 22:00:00,16.23,14.19,,TNO3951
23,2022-03-22 23:00:00,15.98,14.0,,TNO3951
0,2022-03-22 00:00:00,36.91,21.55,,EPA-69
1,2022-03-22 01:00:00,31.79,22.11,,EPA-69
2,2022-03-22 02:00:00,29.58,22.95,,EPA-69
3,2022-03-22 03:00:00,31.95,25.4,,EPA-69
4,2022-03-22 04:00:00,34.78,28.66,,EPA-69
5,2022-03-22 05:00:00,36.84,30.7,,EPA-69
6,2022-03-22 06:00:00,37.46,31.56,,EPA-69
7,2022-03-22 07:00:00,38.86,31.33,,EPA-69
8,2022-03-22 08:00:00,43.22,30.38,,EPA-69
9,2022-03-22 09:00:00,42.09,22.54,,EPA-69
10,2022-03-22 10:00:00,42.65,19.8,,EPA-69
11,2022-03-22 11:00:00,43.87,19.92,,EPA-69
12,2022-03-22 12:00:00,41.68,18.61,,EPA-69
13,2022-03-22 13:00:00,41.43,19.25,,EPA-69
14,2022-03-22 14:00:00,46.63,21.4,,EPA-69
15,2022-03-22 15:00:00,55.94,21.42,,EPA-69
16,2022-03-22 16:00:00,46.06,19.88,,EPA-69
17,2022-03-22 17:00:00,41.54,19.7,,EPA-69
18,2022-03-22 18:00:00,39.48,20.12,,EPA-69
19,2022-03-22 19:00:00,67.27,24.66,,EPA-69
20,2022-03-22 20:00:00,47.43,23.51,,EPA-69
21,2022-03-22 21:00:00,41.53,22.27,,EPA-69
22,2022-03-22 22:00:00,43.87,22.7,,EPA-69
23,2022-03-22 23:00:00,37.97,20.95,,EPA-69
0,2022-03-22 00:00:00,34.8,27.91,3.33,EPA-64
1,2022-03-22 01:00:00,36.32,29.22,3.77,EPA-64
2,2022-03-22 02:00:00,35.83,29.14,3.66,EPA-64
3,2022-03-22 03:00:00,35.89,29.46,3.09,EPA-64
4,2022-03-22 04:00:00,34.32,28.87,3.18,EPA-64
5,2022-03-22 05:00:00,32.76,27.62,3.09,EPA-64
6,2022-03-22 06:00:00,32.26,27.38,3.0,EPA-64
7,2022-03-22 07:00:00,32.94,27.67,2.88,EPA-64
8,2022-03-22 08:00:00,34.1,29.42,2.64,EPA-64
9,2022-03-22 09:00:00,35.66,29.48,3.92,EPA-64
10,2022-03-22 10:00:00,33.0,26.51,5.31,EPA-64
11,2022-03-22 11:00:00,28.62,23.03,3.86,EPA-64
12,2022-03-22 12:00:00,26.13,19.5,3.16,EPA-64
13,2022-03-22 13:00:00,26.14,18.14,3.66,EPA-64
14,2022-03-22 14:00:00,27.25,20.19,3.11,EPA-64
15,2022-03-22 15:00:00,23.24,13.06,3.39,EPA-64
16,2022-03-22 16:00:00,16.6,9.5,2.87,EPA-64
17,2022-03-22 17:00:00,13.89,7.32,3.26,EPA-64
18,2022-03-22 18:00:00,14.44,8.83,3.53,EPA-64
19,2022-03-22 19:00:00,34.72,27.13,4.5,EPA-64
20,2022-03-22 20:00:00,38.79,33.13,11.23,EPA-64
21,2022-03-22 21:00:00,39.3,33.41,6.93,EPA-64
22,2022-03-22 22:00:00,31.66,26.31,9.27,EPA-64
23,2022-03-22 23:00:00,32.16,26.87,9.54,EPA-64
0,2022-03-22 00:00:00,27.71,22.2,,EPA-106
1,2022-03-22 01:00:00,26.86,21.26,,EPA-106
2,2022-03-22 02:00:00,27.4,21.93,,EPA-106
3,2022-03-22 03:00:00,22.55,18.15,,EPA-106
4,2022-03-22 04:00:00,23.82,19.14,,EPA-106
5,2022-03-22 05:00:00,30.22,25.11,,EPA-106
6,2022-03-22 06:00:00,31.0,26.22,,EPA-106
7,2022-03-22 07:00:00,31.21,26.96,,EPA-106
8,2022-03-22 08:00:00,30.49,25.24,,EPA-106
9,2022-03-22 09:00:00,27.86,20.11,,EPA-106
10,2022-03-22 10:00:00,25.88,16.28,,EPA-106
11,2022-03-22 11:00:00,22.37,13.79,,EPA-106
12,2022-03-22 12:00:00,23.2,13.64,,EPA-106
13,2022-03-22 13:00:00,24.22,14.32,,EPA-106
14,2022-03-22 14:00:00,25.29,14.7,,EPA-106
15,2022-03-22 15:00:00,21.38,9.8,,EPA-106
16,2022-03-22 16:00:00,28.27,11.23,,EPA-106
17,2022-03-22 17:00:00,26.68,14.91,,EPA-106
18,2022-03-22 18:00:00,29.12,16.76,,EPA-106
19,2022-03-22 19:00:00,40.89,25.11,,EPA-106
20,2022-03-22 20:00:00,47.4,33.61,,EPA-106
21,2022-03-22 21:00:00,29.64,21.68,,EPA-106
22,2022-03-22 22:00:00,32.92,25.93,,EPA-106
23,2022-03-22 23:00:00,22.6,15.44,,EPA-106
0,2022-03-22 00:00:00,24.05,19.81,,EPA-44
1,2022-03-22 01:00:00,25.39,20.24,,EPA-44
2,2022-03-22 02:00:00,19.38,16.19,,EPA-44
3,2022-03-22 03:00:00,16.41,13.67,,EPA-44
4,2022-03-22 04:00:00,16.51,12.96,,EPA-44
5,2022-03-22 05:00:00,14.23,10.57,,EPA-44
6,2022-03-22 06:00:00,16.87,12.75,,EPA-44
7,2022-03-22 07:00:00,22.98,18.93,,EPA-44
8,2022-03-22 08:00:00,25.54,19.51,,EPA-44
9,2022-03-22 09:00:00,18.39,11.31,,EPA-44
10,2022-03-22 10:00:00,22.82,14.54,,EPA-44
11,2022-03-22 11:00:00,22.3,13.68,,EPA-44
12,2022-03-22 12:00:00,19.7,13.35,,EPA-44
13,2022-03-22 13:00:00,22.03,13.8,,EPA-44
14,2022-03-22 14:00:00,14.82,8.92,,EPA-44
15,2022-03-22 15:00:00,16.38,10.47,,EPA-44
16,2022-03-22 16:00:00,17.19,11.37,,EPA-44
17,2022-03-22 17:00:00,18.78,12.48,,EPA-44
18,2022-03-22 18:00:00,23.66,15.15,,EPA-44
19,2022-03-22 19:00:00,27.72,18.04,,EPA-44
20,2022-03-22 20:00:00,36.94,28.68,,EPA-44
21,2022-03-22 21:00:00,39.72,29.83,,EPA-44
22,2022-03-22 22:00:00,18.47,12.69,,EPA-44
23,2022-03-22 23:00:00,18.55,12.93,,EPA-44
0,2022-03-22 00:00:00,17.04,12.31,6.93,EPA-74
1,2022-03-22 01:00:00,15.53,10.68,7.11,EPA-74
2,2022-03-22 02:00:00,15.44,10.45,7.01,EPA-74
3,2022-03-22 03:00:00,15.34,10.23,7.24,EPA-74
4,2022-03-22 04:00:00,15.73,10.54,7.28,EPA-74
5,2022-03-22 05:00:00,15.67,10.28,7.22,EPA-74
6,2022-03-22 06:00:00,15.48,10.68,7.23,EPA-74
7,2022-03-22 07:00:00,16.03,11.97,7.2,EPA-74
8,2022-03-22 08:00:00,17.99,12.56,7.25,EPA-74
9,2022-03-22 09:00:00,19.39,14.2,7.6,EPA-74
10,2022-03-22 10:00:00,20.11,15.06,7.62,EPA-74
11,2022-03-22 11:00:00,20.32,15.19,7.33,EPA-74
12,2022-03-22 12:00:00,18.36,13.49,6.96,EPA-74
13,2022-03-22 13:00:00,18.22,12.68,6.88,EPA-74
14,2022-03-22 14:00:00,18.19,12.9,6.85,EPA-74
15,2022-03-22 15:00:00,15.99,10.77,7.05,EPA-74
16,2022-03-22 16:00:00,17.55,11.91,6.7,EPA-74
17,2022-03-22 17:00:00,17.96,12.35,7.23,EPA-74
18,2022-03-22 18:00:00,20.44,14.53,6.94,EPA-74
19,2022-03-22 19:00:00,22.08,16.53,7.11,EPA-74
20,2022-03-22 20:00:00,22.96,17.61,6.83,EPA-74
21,2022-03-22 21:00:00,23.85,18.48,6.81,EPA-74
22,2022-03-22 22:00:00,23.96,18.37,6.82,EPA-74
23,2022-03-22 23:00:00,24.1,17.94,6.86,EPA-74
0,2022-03-22 00:00:00,31.81,26.91,,EPA-70
1,2022-03-22 01:00:00,29.37,24.58,,EPA-70
2,2022-03-22 02:00:00,26.14,22.53,,EPA-70
3,2022-03-22 03:00:00,20.98,17.34,,EPA-70
4,2022-03-22 04:00:00,16.39,13.84,,EPA-70
5,2022-03-22 05:00:00,14.27,11.26,,EPA-70
6,2022-03-22 06:00:00,14.57,11.82,,EPA-70
7,2022-03-22 07:00:00,17.8,14.43,,EPA-70
8,2022-03-22 08:00:00,19.26,15.48,,EPA-70
9,2022-03-22 09:00:00,20.0,16.27,,EPA-70
10,2022-03-22 10:00:00,21.64,16.67,,EPA-70
11,2022-03-22 11:00:00,22.85,17.16,,EPA-70
12,2022-03-22 12:00:00,25.26,16.72,,EPA-70
13,2022-03-22 13:00:00,21.66,15.28,,EPA-70
14,2022-03-22 14:00:00,20.38,14.08,,EPA-70
15,2022-03-22 15:00:00,17.58,11.18,,EPA-70
16,2022-03-22 16:00:00,16.47,10.23,,EPA-70
17,2022-03-22 17:00:00,19.97,12.36,,EPA-70
18,2022-03-22 18:00:00,15.21,11.09,,EPA-70
19,2022-03-22 19:00:00,17.64,12.99,,EPA-70
20,2022-03-22 20:00:00,23.24,18.5,,EPA-70
21,2022-03-22 21:00:00,23.63,18.26,,EPA-70
22,2022-03-22 22:00:00,21.79,18.1,,EPA-70
23,2022-03-22 23:00:00,18.22,13.76,,EPA-70
0,2022-03-22 00:00:00,11.4,9.27,,TNT1296-EPA
1,2022-03-22 01:00:00,11.95,9.58,,TNT1296-EPA
2,2022-03-22 02:00:00,11.5,10.1,,TNT1296-EPA
3,2022-03-22 03:00:00,12.7,11.38,,TNT1296-EPA
4,2022-03-22 04:00:00,13.3,11.56,,TNT1296-EPA
5,2022-03-22 05:00:00,12.53,11.5,,TNT1296-EPA
6,2022-03-22 06:00:00,12.65,11.38,,TNT1296-EPA
7,2022-03-22 07:00:00,11.6,10.46,,TNT1296-EPA
8,2022-03-22 08:00:00,12.22,10.42,,TNT1296-EPA
9,2022-03-22 09:00:00,10.25,8.51,,TNT1296-EPA
10,2022-03-22 10:00:00,9.93,7.96,,TNT1296-EPA
11,2022-03-22 11:00:00,9.75,7.64,,TNT1296-EPA
12,2022-03-22 12:00:00,9.08,7.25,,TNT1296-EPA
13,2022-03-22 13:00:00,10.3,7.65,,TNT1296-EPA
14,2022-03-22 14:00:00,11.15,8.28,,TNT1296-EPA
15,2022-03-22 15:00:00,9.88,7.83,,TNT1296-EPA
16,2022-03-22 16:00:00,9.3,7.06,,TNT1296-EPA
17,2022-03-22 17:00:00,8.57,6.67,,TNT1296-EPA
18,2022-03-22 18:00:00,10.33,7.91,,TNT1296-EPA
19,2022-03-22 19:00:00,12.22,10.03,,TNT1296-EPA
20,2022-03-22 20:00:00,11.67,9.14,,TNT1296-EPA
21,2022-03-22 21:00:00,10.65,8.76,,TNT1296-EPA
22,2022-03-22 22:00:00,9.9,8.19,,TNT1296-EPA
23,2022-03-22 23:00:00,8.95,7.24,,TNT1296-EPA
0,2022-03-22 00:00:00,24.05,19.67,,EPA-83
1,2022-03-22 01:00:00,20.19,16.53,,EPA-83
2,2022-03-22 02:00:00,14.65,11.84,,EPA-83
3,2022-03-22 03:00:00,13.55,10.61,,EPA-83
4,2022-03-22 04:00:00,16.29,12.66,,EPA-83
5,2022-03-22 05:00:00,20.48,16.64,,EPA-83
6,2022-03-22 06:00:00,19.75,15.59,,EPA-83
7,2022-03-22 07:00:00,19.95,14.89,,EPA-83
8,2022-03-22 08:00:00,20.97,15.13,,EPA-83
9,2022-03-22 09:00:00,19.8,14.55,,EPA-83
10,2022-03-22 10:00:00,20.62,13.88,,EPA-83
11,2022-03-22 11:00:00,24.44,12.96,,EPA-83
12,2022-03-22 12:00:00,24.81,11.72,,EPA-83
13,2022-03-22 13:00:00,22.46,9.43,,EPA-83
14,2022-03-22 14:00:00,17.44,9.42,,EPA-83
15,2022-03-22 15:00:00,16.09,9.46,,EPA-83
16,2022-03-22 16:00:00,19.12,12.24,,EPA-83
17,2022-03-22 17:00:00,18.89,11.21,,EPA-83
18,2022-03-22 18:00:00,21.23,13.03,,EPA-83
19,2022-03-22 19:00:00,29.29,18.83,,EPA-83
20,2022-03-22 20:00:00,29.87,23.03,,EPA-83
21,2022-03-22 21:00:00,22.39,15.6,,EPA-83
22,2022-03-22 22:00:00,22.2,14.84,,EPA-83
23,2022-03-22 23:00:00,18.3,13.21,,EPA-83
0,2022-03-22 00:00:00,21.77,15.39,,TNO4438-EPA
1,2022-03-22 01:00:00,21.65,15.9,,TNO4438-EPA
2,2022-03-22 02:00:00,19.1,13.89,,TNO4438-EPA
3,2022-03-22 03:00:00,18.88,13.64,,TNO4438-EPA
4,2022-03-22 04:00:00,18.25,13.28,,TNO4438-EPA
5,2022-03-22 05:00:00,20.08,14.89,,TNO4438-EPA
6,2022-03-22 06:00:00,19.3,15.15,,TNO4438-EPA
7,2022-03-22 07:00:00,19.5,15.1,,TNO4438-EPA
8,2022-03-22 08:00:00,19.88,14.27,,TNO4438-EPA
9,2022-03-22 09:00:00,20.43,12.28,,TNO4438-EPA
10,2022-03-22 10:00:00,21.05,12.0,,TNO4438-EPA
11,2022-03-22 11:00:00,18.23,10.76,,TNO4438-EPA
12,2022-03-22 12:00:00,18.72,10.84,,TNO4438-EPA
13,2022-03-22 13:00:00,22.08,12.33,,TNO4438-EPA
14,2022-03-22 14:00:00,19.62,11.21,,TNO4438-EPA
15,2022-03-22 15:00:00,18.55,9.89,,TNO4438-EPA
16,2022-03-22 16:00:00,20.33,10.96,,TNO4438-EPA
17,2022-03-22 17:00:00,21.65,12.33,,TNO4438-EPA
18,2022-03-22 18:00:00,27.25,14.34,,TNO4438-EPA
19,2022-03-22 19:00:00,31.08,16.35,,TNO4438-EPA
20,2022-03-22 20:00:00,25.55,16.13,,TNO4438-EPA
21,2022-03-22 21:00:00,28.0,19.59,,TNO4438-EPA
22,2022-03-22 22:00:00,20.38,13.71,,TNO4438-EPA
23,2022-03-22 23:00:00,21.15,14.45,,TNO4438-EPA
0,2022-03-22 00:00:00,33.97,27.51,,EPA-78
1,2022-03-22 01:00:00,35.32,28.76,,EPA-78
2,2022-03-22 02:00:00,33.7,28.07,,EPA-78
3,2022-03-22 03:00:00,31.14,26.06,,EPA-78
4,2022-03-22 04:00:00,28.99,23.79,,EPA-78
5,2022-03-22 05:00:00,26.68,22.08,,EPA-78
6,2022-03-22 06:00:00,27.22,22.56,,EPA-78
7,2022-03-22 07:00:00,32.02,27.34,,EPA-78
8,2022-03-22 08:00:00,33.19,28.58,,EPA-78
9,2022-03-22 09:00:00,30.54,26.42,,EPA-78
10,2022-03-22 10:00:00,27.37,21.65,,EPA-78
11,2022-03-22 11:00:00,26.15,18.94,,EPA-78
12,2022-03-22 12:00:00,26.2,17.19,,EPA-78
13,2022-03-22 13:00:00,23.91,14.12,,EPA-78
14,2022-03-22 14:00:00,20.81,12.01,,EPA-78
15,2022-03-22 15:00:00,21.36,11.81,,EPA-78
16,2022-03-22 16:00:00,27.33,12.95,,EPA-78
17,2022-03-22 17:00:00,25.92,13.79,,EPA-78
18,2022-03-22 18:00:00,26.82,15.21,,EPA-78
19,2022-03-22 19:00:00,27.18,18.1,,EPA-78
20,2022-03-22 20:00:00,37.31,29.25,,EPA-78
21,2022-03-22 21:00:00,38.24,30.04,,EPA-78
22,2022-03-22 22:00:00,34.1,25.56,,EPA-78
23,2022-03-22 23:00:00,35.87,25.46,,EPA-78
0,2022-03-22 00:00:00,38.64,32.39,,EPA-53
1,2022-03-22 01:00:00,33.4,28.46,,EPA-53
2,2022-03-22 02:00:00,33.37,28.29,,EPA-53
3,2022-03-22 03:00:00,30.52,26.06,,EPA-53
4,2022-03-22 04:00:00,25.1,20.37,,EPA-53
5,2022-03-22 05:00:00,20.28,16.8,,EPA-53
6,2022-03-22 06:00:00,17.42,13.68,,EPA-53
7,2022-03-22 07:00:00,15.59,12.61,,EPA-53
8,2022-03-22 08:00:00,19.45,14.97,,EPA-53
9,2022-03-22 09:00:00,21.12,16.19,,EPA-53
10,2022-03-22 10:00:00,21.26,16.61,,EPA-53
11,2022-03-22 11:00:00,24.09,17.58,,EPA-53
12,2022-03-22 12:00:00,24.35,17.73,,EPA-53
13,2022-03-22 13:00:00,26.56,19.29,,EPA-53
14,2022-03-22 14:00:00,24.46,17.63,,EPA-53
15,2022-03-22 15:00:00,23.97,16.6,,EPA-53
16,2022-03-22 16:00:00,24.03,16.88,,EPA-53
17,2022-03-22 17:00:00,16.76,11.09,,EPA-53
18,2022-03-22 18:00:00,21.11,15.0,,EPA-53
19,2022-03-22 19:00:00,24.87,18.59,,EPA-53
20,2022-03-22 20:00:00,30.72,24.04,,EPA-53
21,2022-03-22 21:00:00,34.9,29.07,,EPA-53
22,2022-03-22 22:00:00,32.54,26.57,,EPA-53
23,2022-03-22 23:00:00,37.73,31.11,,EPA-53
0,2022-03-22 00:00:00,19.85,15.17,,TNO3839
1,2022-03-22 01:00:00,17.65,13.53,,TNO3839
2,2022-03-22 02:00:00,15.14,11.78,,TNO3839
3,2022-03-22 03:00:00,14.93,11.69,,TNO3839
4,2022-03-22 04:00:00,13.75,10.37,,TNO3839
5,2022-03-22 05:00:00,14.89,11.6,,TNO3839
6,2022-03-22 06:00:00,17.57,14.42,,TNO3839
7,2022-03-22 07:00:00,20.03,16.47,,TNO3839
8,2022-03-22 08:00:00,26.87,18.58,,TNO3839
9,2022-03-22 09:00:00,22.08,16.79,,TNO3839
10,2022-03-22 10:00:00,21.97,17.42,,TNO3839
11,2022-03-22 11:00:00,22.26,17.5,,TNO3839
12,2022-03-22 12:00:00,20.6,15.28,,TNO3839
13,2022-03-22 13:00:00,17.89,14.36,,TNO3839
14,2022-03-22 14:00:00,19.58,14.89,,TNO3839
15,2022-03-22 15:00:00,18.37,13.47,,TNO3839
16,2022-03-22 16:00:00,17.21,12.16,,TNO3839
17,2022-03-22 17:00:00,33.12,18.1,,TNO3839
18,2022-03-22 18:00:00,26.45,17.49,,TNO3839
19,2022-03-22 19:00:00,92.8,31.52,,TNO3839
20,2022-03-22 20:00:00,24.63,16.96,,TNO3839
21,2022-03-22 21:00:00,23.17,16.58,,TNO3839
22,2022-03-22 22:00:00,21.9,15.6,,TNO3839
23,2022-03-22 23:00:00,20.69,14.77,,TNO3839
0,2022-03-22 00:00:00,28.57,22.16,1.6,EPA-22
1,2022-03-22 01:00:00,26.35,20.0,1.42,EPA-22
2,2022-03-22 02:00:00,27.51,22.04,1.48,EPA-22
3,2022-03-22 03:00:00,26.76,22.45,1.53,EPA-22
4,2022-03-22 04:00:00,25.04,21.25,1.97,EPA-22
5,2022-03-22 05:00:00,29.58,25.13,2.07,EPA-22
6,2022-03-22 06:00:00,32.57,28.18,1.17,EPA-22
7,2022-03-22 07:00:00,31.7,27.44,1.57,EPA-22
8,2022-03-22 08:00:00,27.78,22.93,1.78,EPA-22
9,2022-03-22 09:00:00,20.43,16.39,2.0,EPA-22
10,2022-03-22 10:00:00,21.51,15.5,1.91,EPA-22
11,2022-03-22 11:00:00,19.37,14.21,1.53,EPA-22
12,2022-03-22 12:00:00,20.02,14.16,1.81,EPA-22
13,2022-03-22 13:00:00,23.0,15.44,2.23,EPA-22
14,2022-03-22 14:00:00,19.5,13.39,1.92,EPA-22
15,2022-03-22 15:00:00,18.34,13.06,1.98,EPA-22
16,2022-03-22 16:00:00,23.16,16.07,2.08,EPA-22
17,2022-03-22 17:00:00,23.84,17.35,2.18,EPA-22
18,2022-03-22 18:00:00,23.8,17.87,1.4,EPA-22
19,2022-03-22 19:00:00,25.77,20.01,1.67,EPA-22
20,2022-03-22 20:00:00,29.76,23.3,2.09,EPA-22
21,2022-03-22 21:00:00,34.53,27.08,2.34,EPA-22
22,2022-03-22 22:00:00,26.57,21.66,2.19,EPA-22
23,2022-03-22 23:00:00,27.56,22.42,2.29,EPA-22
0,2022-03-22 00:00:00,33.42,28.05,,EPA-80
1,2022-03-22 01:00:00,35.78,29.47,,EPA-80
2,2022-03-22 02:00:00,31.64,27.91,,EPA-80
3,2022-03-22 03:00:00,28.75,25.21,,EPA-80
4,2022-03-22 04:00:00,22.26,18.92,,EPA-80
5,2022-03-22 05:00:00,17.91,15.04,,EPA-80
6,2022-03-22 06:00:00,19.64,16.98,,EPA-80
7,2022-03-22 07:00:00,20.02,17.06,,EPA-80
8,2022-03-22 08:00:00,24.05,20.53,,EPA-80
9,2022-03-22 09:00:00,27.77,23.32,,EPA-80
10,2022-03-22 10:00:00,37.24,24.21,,EPA-80
11,2022-03-22 11:00:00,46.82,22.81,,EPA-80
12,2022-03-22 12:00:00,41.81,20.67,,EPA-80
13,2022-03-22 13:00:00,28.48,15.99,,EPA-80
14,2022-03-22 14:00:00,24.82,14.29,,EPA-80
15,2022-03-22 15:00:00,18.92,8.68,,EPA-80
16,2022-03-22 16:00:00,18.05,9.05,,EPA-80
17,2022-03-22 17:00:00,17.79,10.44,,EPA-80
18,2022-03-22 18:00:00,18.27,11.05,,EPA-80
19,2022-03-22 19:00:00,21.23,13.39,,EPA-80
20,2022-03-22 20:00:00,25.79,17.39,,EPA-80
21,2022-03-22 21:00:00,26.98,19.63,,EPA-80
22,2022-03-22 22:00:00,29.62,23.03,,EPA-80
23,2022-03-22 23:00:00,27.3,21.73,,EPA-80
0,2022-03-22 00:00:00,25.45,11.95,,TNO4324-EPA
1,2022-03-22 01:00:00,25.4,11.68,,TNO4324-EPA
2,2022-03-22 02:00:00,25.13,12.07,,TNO4324-EPA
3,2022-03-22 03:00:00,25.8,12.56,,TNO4324-EPA
4,2022-03-22 04:00:00,26.55,13.75,,TNO4324-EPA
5,2022-03-22 05:00:00,25.63,14.1,,TNO4324-EPA
6,2022-03-22 06:00:00,25.72,14.55,,TNO4324-EPA
7,2022-03-22 07:00:00,25.83,14.71,,TNO4324-EPA
8,2022-03-22 08:00:00,27.6,14.75,,TNO4324-EPA
9,2022-03-22 09:00:00,22.47,10.56,,TNO4324-EPA
10,2022-03-22 10:00:00,24.33,10.75,,TNO4324-EPA
11,2022-03-22 11:00:00,25.35,10.39,,TNO4324-EPA
12,2022-03-22 12:00:00,24.65,10.66,,TNO4324-EPA
13,2022-03-22 13:00:00,25.8,11.74,,TNO4324-EPA
14,2022-03-22 14:00:00,29.9,13.11,,TNO4324-EPA
15,2022-03-22 15:00:00,27.57,11.19,,TNO4324-EPA
16,2022-03-22 16:00:00,25.85,10.58,,TNO4324-EPA
17,2022-03-22 17:00:00,30.9,12.15,,TNO4324-EPA
18,2022-03-22 18:00:00,31.25,12.54,,TNO4324-EPA
19,2022-03-22 19:00:00,30.83,12.92,,TNO4324-EPA
20,2022-03-22 20:00:00,36.55,14.94,,TNO4324-EPA
21,2022-03-22 21:00:00,31.83,14.04,,TNO4324-EPA
22,2022-03-22 22:00:00,25.43,11.73,,TNO4324-EPA
23,2022-03-22 23:00:00,23.7,10.02,,TNO4324-EPA
0,2022-03-22 00:00:00,,7.7,,EPA-13
1,2022-03-22 01:00:00,,7.7,,EPA-13
2,2022-03-22 02:00:00,,7.7,,EPA-13
3,2022-03-22 03:00:00,,7.7,,EPA-13
4,2022-03-22 04:00:00,,7.7,,EPA-13
5,2022-03-22 05:00:00,,15.35,,EPA-13
6,2022-03-22 06:00:00,,17.9,,EPA-13
7,2022-03-22 07:00:00,,17.9,,EPA-13
8,2022-03-22 08:00:00,,17.9,,EPA-13
9,2022-03-22 09:00:00,,17.9,,EPA-13
10,2022-03-22 10:00:00,,17.9,,EPA-13
11,2022-03-22 11:00:00,,17.9,,EPA-13
12,2022-03-22 12:00:00,,17.9,,EPA-13
13,2022-03-22 13:00:00,,17.9,,EPA-13
14,2022-03-22 14:00:00,,17.9,,EPA-13
15,2022-03-22 15:00:00,,17.9,,EPA-13
16,2022-03-22 16:00:00,,17.9,,EPA-13
17,2022-03-22 17:00:00,,17.9,,EPA-13
18,2022-03-22 18:00:00,,17.9,,EPA-13
19,2022-03-22 19:00:00,,17.9,,EPA-13
20,2022-03-22 20:00:00,,17.9,,EPA-13
21,2022-03-22 21:00:00,,17.9,,EPA-13
22,2022-03-22 22:00:00,,17.9,,EPA-13
23,2022-03-22 23:00:00,,17.9,,EPA-13
0,2022-03-22 00:00:00,17.03,11.41,,TNO4390-EPA
1,2022-03-22 01:00:00,17.93,12.18,,TNO4390-EPA
2,2022-03-22 02:00:00,17.0,12.12,,TNO4390-EPA
3,2022-03-22 03:00:00,16.72,12.11,,TNO4390-EPA
4,2022-03-22 04:00:00,18.15,13.27,,TNO4390-EPA
5,2022-03-22 05:00:00,17.55,13.4,,TNO4390-EPA
6,2022-03-22 06:00:00,16.65,13.22,,TNO4390-EPA
7,2022-03-22 07:00:00,17.08,13.15,,TNO4390-EPA
8,2022-03-22 08:00:00,16.0,12.18,,TNO4390-EPA
9,2022-03-22 09:00:00,14.65,9.86,,TNO4390-EPA
10,2022-03-22 10:00:00,14.67,9.38,,TNO4390-EPA
11,2022-03-22 11:00:00,17.28,9.74,,TNO4390-EPA
12,2022-03-22 12:00:00,17.05,9.58,,TNO4390-EPA
13,2022-03-22 13:00:00,16.5,10.21,,TNO4390-EPA
14,2022-03-22 14:00:00,19.05,11.09,,TNO4390-EPA
15,2022-03-22 15:00:00,17.52,9.91,,TNO4390-EPA
16,2022-03-22 16:00:00,20.33,10.24,,TNO4390-EPA
17,2022-03-22 17:00:00,17.85,10.5,,TNO4390-EPA
18,2022-03-22 18:00:00,16.03,10.18,,TNO4390-EPA
19,2022-03-22 19:00:00,16.9,10.6,,TNO4390-EPA
20,2022-03-22 20:00:00,23.18,13.67,,TNO4390-EPA
21,2022-03-22 21:00:00,19.75,11.98,,TNO4390-EPA
22,2022-03-22 22:00:00,15.8,10.46,,TNO4390-EPA
23,2022-03-22 23:00:00,16.45,10.92,,TNO4390-EPA
0,2022-03-22 00:00:00,12.1,8.07,,TNO4160
1,2022-03-22 01:00:00,10.0,7.08,,TNO4160
2,2022-03-22 02:00:00,9.4,6.21,,TNO4160
3,2022-03-22 03:00:00,8.6,5.53,,TNO4160
4,2022-03-22 04:00:00,8.55,5.6,,TNO4160
5,2022-03-22 05:00:00,12.0,8.37,,TNO4160
6,2022-03-22 06:00:00,13.85,10.03,,TNO4160
7,2022-03-22 07:00:00,14.87,10.92,,TNO4160
8,2022-03-22 08:00:00,15.12,10.53,,TNO4160
9,2022-03-22 09:00:00,16.2,9.23,,TNO4160
10,2022-03-22 10:00:00,19.2,8.39,,TNO4160
11,2022-03-22 11:00:00,12.87,6.54,,TNO4160
12,2022-03-22 12:00:00,14.7,7.76,,TNO4160
13,2022-03-22 13:00:00,15.45,8.53,,TNO4160
14,2022-03-22 14:00:00,13.8,7.21,,TNO4160
15,2022-03-22 15:00:00,9.8,5.14,,TNO4160
16,2022-03-22 16:00:00,9.35,4.99,,TNO4160
17,2022-03-22 17:00:00,11.55,5.97,,TNO4160
18,2022-03-22 18:00:00,12.2,6.65,,TNO4160
19,2022-03-22 19:00:00,14.33,7.73,,TNO4160
20,2022-03-22 20:00:00,19.35,10.24,,TNO4160
21,2022-03-22 21:00:00,15.6,8.81,,TNO4160
22,2022-03-22 22:00:00,13.02,8.26,,TNO4160
23,2022-03-22 23:00:00,11.95,7.89,,TNO4160
0,2022-03-22 14:00:00,17.4,11.48,,TNO2579-EPA
1,2022-03-22 15:00:00,16.18,10.42,,TNO2579-EPA
2,2022-03-22 16:00:00,20.2,12.54,,TNO2579-EPA
3,2022-03-22 17:00:00,20.28,12.23,,TNO2579-EPA
4,2022-03-22 18:00:00,20.72,13.79,,TNO2579-EPA
5,2022-03-22 19:00:00,24.81,17.58,,TNO2579-EPA
6,2022-03-22 20:00:00,22.22,14.35,,TNO2579-EPA
7,2022-03-22 21:00:00,22.43,15.16,,TNO2579-EPA
8,2022-03-22 22:00:00,18.71,12.87,,TNO2579-EPA
9,2022-03-22 23:00:00,16.46,10.08,,TNO2579-EPA
0,2022-03-22 00:00:00,36.05,28.14,,EPA-50
1,2022-03-22 01:00:00,31.88,25.39,,EPA-50
2,2022-03-22 02:00:00,31.28,24.66,,EPA-50
3,2022-03-22 03:00:00,29.65,24.26,,EPA-50
4,2022-03-22 04:00:00,28.9,24.25,,EPA-50
5,2022-03-22 05:00:00,33.35,27.51,,EPA-50
6,2022-03-22 06:00:00,35.01,30.35,,EPA-50
7,2022-03-22 07:00:00,35.07,29.54,,EPA-50
8,2022-03-22 08:00:00,29.0,23.13,,EPA-50
9,2022-03-22 09:00:00,23.69,18.15,,EPA-50
10,2022-03-22 10:00:00,27.63,18.68,,EPA-50
11,2022-03-22 11:00:00,24.06,16.16,,EPA-50
12,2022-03-22 12:00:00,22.74,15.93,,EPA-50
13,2022-03-22 13:00:00,26.56,16.87,,EPA-50
14,2022-03-22 14:00:00,22.04,14.4,,EPA-50
15,2022-03-22 15:00:00,21.66,14.49,,EPA-50
16,2022-03-22 16:00:00,24.01,16.17,,EPA-50
17,2022-03-22 17:00:00,30.8,20.49,,EPA-50
18,2022-03-22 18:00:00,35.83,22.42,,EPA-50
19,2022-03-22 19:00:00,37.17,25.83,,EPA-50
20,2022-03-22 20:00:00,27.59,21.41,,EPA-50
21,2022-03-22 21:00:00,29.42,21.66,,EPA-50
22,2022-03-22 22:00:00,26.83,21.03,,EPA-50
23,2022-03-22 23:00:00,31.8,23.74,,EPA-50
0,2022-03-22 00:00:00,12.93,11.28,,TNO4157
1,2022-03-22 01:00:00,10.2,8.87,,TNO4157
2,2022-03-22 02:00:00,9.97,8.71,,TNO4157
3,2022-03-22 03:00:00,10.05,8.74,,TNO4157
4,2022-03-22 04:00:00,10.45,9.25,,TNO4157
5,2022-03-22 05:00:00,10.38,9.1,,TNO4157
6,2022-03-22 06:00:00,10.6,9.04,,TNO4157
7,2022-03-22 07:00:00,11.55,9.92,,TNO4157
8,2022-03-22 08:00:00,13.17,11.13,,TNO4157
9,2022-03-22 09:00:00,13.67,11.51,,TNO4157
10,2022-03-22 10:00:00,14.13,11.92,,TNO4157
11,2022-03-22 11:00:00,14.3,12.05,,TNO4157
12,2022-03-22 12:00:00,15.25,12.8,,TNO4157
13,2022-03-22 13:00:00,15.55,12.89,,TNO4157
14,2022-03-22 14:00:00,13.72,11.77,,TNO4157
15,2022-03-22 15:00:00,13.6,11.52,,TNO4157
16,2022-03-22 16:00:00,10.55,8.67,,TNO4157
17,2022-03-22 17:00:00,11.05,8.99,,TNO4157
18,2022-03-22 18:00:00,13.1,10.59,,TNO4157
19,2022-03-22 19:00:00,12.38,9.84,,TNO4157
20,2022-03-22 20:00:00,13.53,10.63,,TNO4157
21,2022-03-22 21:00:00,13.53,11.14,,TNO4157
22,2022-03-22 22:00:00,12.78,10.22,,TNO4157
23,2022-03-22 23:00:00,12.55,10.08,,TNO4157
0,2022-03-22 00:00:00,22.6,12.4,,TNO4437-EPA
1,2022-03-22 01:00:00,22.07,12.68,,TNO4437-EPA
2,2022-03-22 02:00:00,22.0,12.81,,TNO4437-EPA
3,2022-03-22 03:00:00,21.05,13.05,,TNO4437-EPA
4,2022-03-22 04:00:00,22.65,14.86,,TNO4437-EPA
5,2022-03-22 05:00:00,20.63,13.9,,TNO4437-EPA
6,2022-03-22 06:00:00,20.45,14.12,,TNO4437-EPA
7,2022-03-22 07:00:00,20.9,14.12,,TNO4437-EPA
8,2022-03-22 08:00:00,18.32,12.23,,TNO4437-EPA
9,2022-03-22 09:00:00,17.15,10.26,,TNO4437-EPA
10,2022-03-22 10:00:00,17.07,9.86,,TNO4437-EPA
11,2022-03-22 11:00:00,17.7,9.56,,TNO4437-EPA
12,2022-03-22 12:00:00,16.85,9.05,,TNO4437-EPA
13,2022-03-22 13:00:00,18.38,9.73,,TNO4437-EPA
14,2022-03-22 14:00:00,19.22,10.32,,TNO4437-EPA
15,2022-03-22 15:00:00,19.28,9.62,,TNO4437-EPA
16,2022-03-22 16:00:00,18.22,9.3,,TNO4437-EPA
17,2022-03-22 17:00:00,15.95,8.68,,TNO4437-EPA
18,2022-03-22 18:00:00,16.45,8.78,,TNO4437-EPA
19,2022-03-22 19:00:00,17.97,9.49,,TNO4437-EPA
20,2022-03-22 20:00:00,19.35,11.05,,TNO4437-EPA
21,2022-03-22 21:00:00,19.42,11.24,,TNO4437-EPA
22,2022-03-22 22:00:00,19.53,11.21,,TNO4437-EPA
23,2022-03-22 23:00:00,16.3,9.9,,TNO4437-EPA
0,2022-03-22 00:00:00,25.26,21.63,,EPA-103
1,2022-03-22 01:00:00,23.3,19.35,,EPA-103
2,2022-03-22 02:00:00,18.61,15.6,,EPA-103
3,2022-03-22 03:00:00,16.99,14.57,,EPA-103
4,2022-03-22 04:00:00,15.21,12.86,,EPA-103
5,2022-03-22 05:00:00,15.58,13.03,,EPA-103
6,2022-03-22 06:00:00,15.69,13.14,,EPA-103
7,2022-03-22 07:00:00,14.46,12.17,,EPA-103
8,2022-03-22 08:00:00,13.17,11.14,,EPA-103
9,2022-03-22 09:00:00,14.84,12.21,,EPA-103
10,2022-03-22 10:00:00,16.45,13.21,,EPA-103
11,2022-03-22 11:00:00,16.57,13.45,,EPA-103
12,2022-03-22 12:00:00,16.43,13.27,,EPA-103
13,2022-03-22 13:00:00,16.99,12.57,,EPA-103
14,2022-03-22 14:00:00,12.24,8.92,,EPA-103
15,2022-03-22 15:00:00,13.56,10.05,,EPA-103
16,2022-03-22 16:00:00,14.22,10.17,,EPA-103
17,2022-03-22 17:00:00,12.31,8.33,,EPA-103
18,2022-03-22 18:00:00,13.15,9.66,,EPA-103
19,2022-03-22 19:00:00,14.85,11.33,,EPA-103
20,2022-03-22 20:00:00,16.55,13.11,,EPA-103
21,2022-03-22 21:00:00,18.33,14.89,,EPA-103
22,2022-03-22 22:00:00,19.2,16.08,,EPA-103
23,2022-03-22 23:00:00,21.19,17.33,,EPA-103
0,2022-03-22 00:00:00,17.03,11.11,,TNO4436-EPA
1,2022-03-22 01:00:00,16.65,11.34,,TNO4436-EPA
2,2022-03-22 02:00:00,16.6,11.58,,TNO4436-EPA
3,2022-03-22 03:00:00,16.8,12.13,,TNO4436-EPA
4,2022-03-22 04:00:00,17.25,12.82,,TNO4436-EPA
5,2022-03-22 05:00:00,17.38,13.24,,TNO4436-EPA
6,2022-03-22 06:00:00,16.8,13.12,,TNO4436-EPA
7,2022-03-22 07:00:00,16.8,13.14,,TNO4436-EPA
8,2022-03-22 08:00:00,16.05,11.82,,TNO4436-EPA
9,2022-03-22 09:00:00,16.67,10.27,,TNO4436-EPA
10,2022-03-22 10:00:00,15.83,9.65,,TNO4436-EPA
11,2022-03-22 11:00:00,15.0,8.6,,TNO4436-EPA
12,2022-03-22 12:00:00,16.15,9.65,,TNO4436-EPA
13,2022-03-22 13:00:00,16.5,10.53,,TNO4436-EPA
14,2022-03-22 14:00:00,16.18,9.29,,TNO4436-EPA
15,2022-03-22 15:00:00,19.5,10.88,,TNO4436-EPA
16,2022-03-22 16:00:00,16.92,10.51,,TNO4436-EPA
17,2022-03-22 17:00:00,15.33,10.33,,TNO4436-EPA
18,2022-03-22 18:00:00,16.1,10.58,,TNO4436-EPA
19,2022-03-22 19:00:00,14.92,9.73,,TNO4436-EPA
20,2022-03-22 20:00:00,17.15,11.18,,TNO4436-EPA
21,2022-03-22 21:00:00,17.05,11.04,,TNO4436-EPA
22,2022-03-22 22:00:00,15.02,10.0,,TNO4436-EPA
23,2022-03-22 23:00:00,13.7,8.89,,TNO4436-EPA
0,2022-03-22 00:00:00,15.7,12.81,,TNO4465
1,2022-03-22 01:00:00,13.58,10.8,,TNO4465
2,2022-03-22 02:00:00,11.77,9.35,,TNO4465
3,2022-03-22 03:00:00,11.48,9.34,,TNO4465
4,2022-03-22 04:00:00,10.63,8.34,,TNO4465
5,2022-03-22 05:00:00,9.85,7.64,,TNO4465
6,2022-03-22 06:00:00,10.7,7.63,,TNO4465
7,2022-03-22 07:00:00,9.85,7.09,,TNO4465
8,2022-03-22 08:00:00,10.3,7.88,,TNO4465
9,2022-03-22 09:00:00,12.15,8.94,,TNO4465
10,2022-03-22 10:00:00,12.9,9.3,,TNO4465
11,2022-03-22 11:00:00,14.97,9.82,,TNO4465
12,2022-03-22 12:00:00,15.25,10.32,,TNO4465
13,2022-03-22 13:00:00,17.1,11.01,,TNO4465
14,2022-03-22 14:00:00,14.75,10.23,,TNO4465
15,2022-03-22 15:00:00,12.75,8.87,,TNO4465
16,2022-03-22 16:00:00,12.45,8.69,,TNO4465
17,2022-03-22 17:00:00,12.83,8.94,,TNO4465
18,2022-03-22 18:00:00,13.35,9.32,,TNO4465
19,2022-03-22 19:00:00,14.25,9.9,,TNO4465
20,2022-03-22 20:00:00,16.9,11.94,,TNO4465
21,2022-03-22 21:00:00,15.03,10.19,,TNO4465
22,2022-03-22 22:00:00,15.7,11.05,,TNO4465
23,2022-03-22 23:00:00,13.38,9.52,,TNO4465
0,2022-03-22 00:00:00,12.13,8.69,,TNO3953
1,2022-03-22 01:00:00,9.9,7.09,,TNO3953
2,2022-03-22 02:00:00,8.75,6.2,,TNO3953
3,2022-03-22 03:00:00,8.55,6.19,,TNO3953
4,2022-03-22 04:00:00,8.27,5.64,,TNO3953
5,2022-03-22 05:00:00,7.6,5.04,,TNO3953
6,2022-03-22 06:00:00,7.73,5.25,,TNO3953
7,2022-03-22 07:00:00,9.42,6.02,,TNO3953
8,2022-03-22 08:00:00,13.17,7.68,,TNO3953
9,2022-03-22 09:00:00,11.9,6.84,,TNO3953
10,2022-03-22 10:00:00,15.0,7.11,,TNO3953
11,2022-03-22 11:00:00,14.95,6.21,,TNO3953
12,2022-03-22 12:00:00,12.92,5.36,,TNO3953
13,2022-03-22 13:00:00,12.58,5.4,,TNO3953
14,2022-03-22 14:00:00,10.88,6.01,,TNO3953
15,2022-03-22 15:00:00,14.47,6.27,,TNO3953
16,2022-03-22 16:00:00,11.05,6.49,,TNO3953
17,2022-03-22 17:00:00,12.75,7.28,,TNO3953
18,2022-03-22 18:00:00,11.72,7.23,,TNO3953
19,2022-03-22 19:00:00,12.3,7.97,,TNO3953
20,2022-03-22 20:00:00,12.82,8.36,,TNO3953
21,2022-03-22 21:00:00,13.15,8.88,,TNO3953
22,2022-03-22 22:00:00,13.1,8.74,,TNO3953
23,2022-03-22 23:00:00,12.77,8.35,,TNO3953
0,2022-03-22 00:00:00,13.02,10.49,,TNO4159
1,2022-03-22 01:00:00,12.35,10.04,,TNO4159
2,2022-03-22 02:00:00,10.15,8.45,,TNO4159
3,2022-03-22 03:00:00,8.25,6.87,,TNO4159
4,2022-03-22 04:00:00,7.63,6.28,,TNO4159
5,2022-03-22 05:00:00,8.2,6.86,,TNO4159
6,2022-03-22 06:00:00,7.02,5.74,,TNO4159
7,2022-03-22 07:00:00,8.58,7.1,,TNO4159
8,2022-03-22 08:00:00,10.3,8.73,,TNO4159
9,2022-03-22 09:00:00,11.25,9.29,,TNO4159
10,2022-03-22 10:00:00,11.58,9.03,,TNO4159
11,2022-03-22 11:00:00,10.4,7.86,,TNO4159
12,2022-03-22 12:00:00,9.27,6.19,,TNO4159
13,2022-03-22 13:00:00,8.22,5.28,,TNO4159
14,2022-03-22 14:00:00,8.15,5.53,,TNO4159
15,2022-03-22 15:00:00,8.17,5.45,,TNO4159
16,2022-03-22 16:00:00,8.67,6.12,,TNO4159
17,2022-03-22 17:00:00,9.13,6.53,,TNO4159
18,2022-03-22 18:00:00,9.33,6.67,,TNO4159
19,2022-03-22 19:00:00,10.48,7.54,,TNO4159
20,2022-03-22 20:00:00,10.37,7.61,,TNO4159
21,2022-03-22 21:00:00,10.95,8.43,,TNO4159
22,2022-03-22 22:00:00,11.5,9.18,,TNO4159
23,2022-03-22 23:00:00,12.65,10.33,,TNO4159
0,2022-03-22 00:00:00,15.33,13.0,,TNO3954
1,2022-03-22 01:00:00,12.6,10.4,,TNO3954
2,2022-03-22 02:00:00,11.45,9.46,,TNO3954
3,2022-03-22 03:00:00,9.85,8.05,,TNO3954
4,2022-03-22 04:00:00,9.1,7.52,,TNO3954
5,2022-03-22 05:00:00,8.95,7.51,,TNO3954
6,2022-03-22 06:00:00,10.97,9.32,,TNO3954
7,2022-03-22 07:00:00,11.62,9.96,,TNO3954
8,2022-03-22 08:00:00,13.8,11.65,,TNO3954
9,2022-03-22 09:00:00,16.15,13.39,,TNO3954
10,2022-03-22 10:00:00,15.3,12.53,,TNO3954
11,2022-03-22 11:00:00,14.4,11.74,,TNO3954
12,2022-03-22 12:00:00,12.45,9.84,,TNO3954
13,2022-03-22 13:00:00,12.7,10.0,,TNO3954
14,2022-03-22 14:00:00,14.97,11.49,,TNO3954
15,2022-03-22 15:00:00,13.13,10.07,,TNO3954
16,2022-03-22 16:00:00,10.4,8.43,,TNO3954
17,2022-03-22 17:00:00,11.22,8.66,,TNO3954
18,2022-03-22 18:00:00,12.03,9.39,,TNO3954
19,2022-03-22 19:00:00,14.7,10.85,,TNO3954
20,2022-03-22 20:00:00,16.6,12.71,,TNO3954
21,2022-03-22 21:00:00,14.55,11.39,,TNO3954
22,2022-03-22 22:00:00,15.05,11.81,,TNO3954
23,2022-03-22 23:00:00,14.07,11.03,,TNO3954
0,2022-03-22 00:00:00,16.4,12.73,,TNO3947
1,2022-03-22 01:00:00,14.13,11.39,,TNO3947
2,2022-03-22 02:00:00,14.25,11.67,,TNO3947
3,2022-03-22 03:00:00,15.1,12.59,,TNO3947
4,2022-03-22 04:00:00,15.15,12.37,,TNO3947
5,2022-03-22 05:00:00,13.97,11.19,,TNO3947
6,2022-03-22 06:00:00,12.92,10.02,,TNO3947
7,2022-03-22 07:00:00,11.93,9.38,,TNO3947
8,2022-03-22 08:00:00,13.2,10.56,,TNO3947
9,2022-03-22 09:00:00,14.45,11.45,,TNO3947
10,2022-03-22 10:00:00,17.02,11.74,,TNO3947
11,2022-03-22 11:00:00,15.52,12.11,,TNO3947
12,2022-03-22 12:00:00,16.1,12.63,,TNO3947
13,2022-03-22 13:00:00,15.3,11.44,,TNO3947
14,2022-03-22 14:00:00,13.1,10.23,,TNO3947
15,2022-03-22 15:00:00,14.25,10.79,,TNO3947
16,2022-03-22 16:00:00,14.03,10.41,,TNO3947
17,2022-03-22 17:00:00,14.2,10.08,,TNO3947
18,2022-03-22 18:00:00,14.42,10.52,,TNO3947
19,2022-03-22 19:00:00,16.1,12.26,,TNO3947
20,2022-03-22 20:00:00,17.78,13.6,,TNO3947
21,2022-03-22 21:00:00,16.78,12.98,,TNO3947
22,2022-03-22 22:00:00,15.9,12.22,,TNO3947
23,2022-03-22 23:00:00,14.17,10.95,,TNO3947
0,2022-03-22 00:00:00,18.53,13.39,,TNO3952
1,2022-03-22 01:00:00,18.6,13.61,,TNO3952
2,2022-03-22 02:00:00,18.32,13.49,,TNO3952
3,2022-03-22 03:00:00,16.8,12.49,,TNO3952
4,2022-03-22 04:00:00,19.5,15.03,,TNO3952
5,2022-03-22 05:00:00,22.2,17.73,,TNO3952
6,2022-03-22 06:00:00,21.1,17.03,,TNO3952
7,2022-03-22 07:00:00,18.25,14.44,,TNO3952
8,2022-03-22 08:00:00,15.7,12.04,,TNO3952
9,2022-03-22 09:00:00,14.25,10.83,,TNO3952
10,2022-03-22 10:00:00,13.75,9.59,,TNO3952
11,2022-03-22 11:00:00,17.05,9.55,,TNO3952
12,2022-03-22 12:00:00,16.22,8.78,,TNO3952
13,2022-03-22 13:00:00,18.68,10.27,,TNO3952
14,2022-03-22 14:00:00,12.7,8.02,,TNO3952
15,2022-03-22 15:00:00,13.77,8.26,,TNO3952
16,2022-03-22 16:00:00,17.35,8.67,,TNO3952
17,2022-03-22 17:00:00,19.7,10.44,,TNO3952
18,2022-03-22 18:00:00,14.65,10.46,,TNO3952
19,2022-03-22 19:00:00,13.8,10.04,,TNO3952
20,2022-03-22 20:00:00,13.83,9.96,,TNO3952
21,2022-03-22 21:00:00,17.47,12.89,,TNO3952
22,2022-03-22 22:00:00,21.78,14.98,,TNO3952
23,2022-03-22 23:00:00,20.18,15.71,,TNO3952
0,2022-03-22 00:00:00,13.67,11.84,,TNO4158
1,2022-03-22 01:00:00,11.5,10.06,,TNO4158
2,2022-03-22 02:00:00,10.0,8.76,,TNO4158
3,2022-03-22 03:00:00,11.5,10.08,,TNO4158
4,2022-03-22 04:00:00,14.13,12.8,,TNO4158
5,2022-03-22 05:00:00,15.13,13.7,,TNO4158
6,2022-03-22 06:00:00,16.2,14.79,,TNO4158
7,2022-03-22 07:00:00,15.83,14.36,,TNO4158
8,2022-03-22 08:00:00,13.38,12.17,,TNO4158
9,2022-03-22 09:00:00,11.43,10.14,,TNO4158
10,2022-03-22 10:00:00,10.72,9.45,,TNO4158
11,2022-03-22 11:00:00,10.67,9.25,,TNO4158
12,2022-03-22 12:00:00,12.3,10.15,,TNO4158
13,2022-03-22 13:00:00,12.53,10.67,,TNO4158
14,2022-03-22 14:00:00,11.2,9.39,,TNO4158
15,2022-03-22 15:00:00,10.0,8.32,,TNO4158
16,2022-03-22 16:00:00,10.83,8.95,,TNO4158
17,2022-03-22 17:00:00,12.55,10.38,,TNO4158
18,2022-03-22 18:00:00,14.67,11.33,,TNO4158
19,2022-03-22 19:00:00,14.95,12.35,,TNO4158
20,2022-03-22 20:00:00,15.53,13.27,,TNO4158
21,2022-03-22 21:00:00,15.48,13.19,,TNO4158
22,2022-03-22 22:00:00,12.15,10.89,,TNO4158
23,2022-03-22 23:00:00,10.55,8.93,,TNO4158
0,2022-03-22 00:00:00,20.87,16.44,,TNO3946
1,2022-03-22 01:00:00,23.22,17.99,,TNO3946
2,2022-03-22 02:00:00,21.1,16.97,,TNO3946
3,2022-03-22 03:00:00,22.95,19.14,,TNO3946
4,2022-03-22 04:00:00,24.73,20.94,,TNO3946
5,2022-03-22 05:00:00,26.72,22.42,,TNO3946
6,2022-03-22 06:00:00,28.0,23.15,,TNO3946
7,2022-03-22 07:00:00,32.18,25.82,,TNO3946
8,2022-03-22 08:00:00,31.95,26.1,,TNO3946
9,2022-03-22 09:00:00,31.95,26.01,,TNO3946
10,2022-03-22 10:00:00,32.43,26.99,,TNO3946
11,2022-03-22 11:00:00,32.43,26.92,,TNO3946
12,2022-03-22 12:00:00,35.25,29.0,,TNO3946
13,2022-03-22 13:00:00,37.65,30.74,,TNO3946
14,2022-03-22 14:00:00,35.07,28.52,,TNO3946
15,2022-03-22 15:00:00,36.45,29.87,,TNO3946
16,2022-03-22 16:00:00,32.12,26.16,,TNO3946
17,2022-03-22 17:00:00,30.72,24.84,,TNO3946
18,2022-03-22 18:00:00,30.38,23.81,,TNO3946
19,2022-03-22 19:00:00,29.65,22.15,,TNO3946
20,2022-03-22 20:00:00,26.6,19.11,,TNO3946
21,2022-03-22 21:00:00,24.97,17.69,,TNO3946
22,2022-03-22 22:00:00,22.78,16.33,,TNO3946
23,2022-03-22 23:00:00,21.97,15.66,,TNO3946
0,2022-03-22 00:00:00,13.7,10.34,,TNO3948
1,2022-03-22 01:00:00,12.8,9.86,,TNO3948
2,2022-03-22 02:00:00,10.83,8.48,,TNO3948
3,2022-03-22 03:00:00,9.6,7.66,,TNO3948
4,2022-03-22 04:00:00,7.88,6.26,,TNO3948
5,2022-03-22 05:00:00,6.82,5.42,,TNO3948
6,2022-03-22 06:00:00,7.13,5.62,,TNO3948
7,2022-03-22 07:00:00,7.7,5.96,,TNO3948
8,2022-03-22 08:00:00,8.13,6.13,,TNO3948
9,2022-03-22 09:00:00,9.67,7.06,,TNO3948
10,2022-03-22 10:00:00,10.9,7.88,,TNO3948
11,2022-03-22 11:00:00,11.68,7.85,,TNO3948
12,2022-03-22 12:00:00,10.33,6.93,,TNO3948
13,2022-03-22 13:00:00,10.43,6.73,,TNO3948
14,2022-03-22 14:00:00,9.98,6.67,,TNO3948
15,2022-03-22 15:00:00,10.65,7.05,,TNO3948
16,2022-03-22 16:00:00,11.52,7.5,,TNO3948
17,2022-03-22 17:00:00,10.63,7.23,,TNO3948
18,2022-03-22 18:00:00,10.28,7.31,,TNO3948
19,2022-03-22 19:00:00,10.1,6.88,,TNO3948
20,2022-03-22 20:00:00,11.85,8.18,,TNO3948
21,2022-03-22 21:00:00,10.95,7.8,,TNO3948
22,2022-03-22 22:00:00,12.42,8.96,,TNO3948
23,2022-03-22 23:00:00,14.45,10.44,,TNO3948
0,2022-03-22 00:00:00,13.0,9.83,,TNO3955
1,2022-03-22 01:00:00,11.9,8.92,,TNO3955
2,2022-03-22 02:00:00,11.8,9.11,,TNO3955
3,2022-03-22 03:00:00,11.2,8.76,,TNO3955
4,2022-03-22 04:00:00,10.63,8.52,,TNO3955
5,2022-03-22 05:00:00,10.45,8.39,,TNO3955
6,2022-03-22 06:00:00,10.55,8.68,,TNO3955
7,2022-03-22 07:00:00,10.63,8.6,,TNO3955
8,2022-03-22 08:00:00,11.28,8.7,,TNO3955
9,2022-03-22 09:00:00,13.72,9.89,,TNO3955
10,2022-03-22 10:00:00,12.42,9.19,,TNO3955
11,2022-03-22 11:00:00,11.22,8.26,,TNO3955
12,2022-03-22 12:00:00,10.5,6.85,,TNO3955
13,2022-03-22 13:00:00,10.48,6.51,,TNO3955
14,2022-03-22 14:00:00,11.85,7.47,,TNO3955
15,2022-03-22 15:00:00,15.67,9.91,,TNO3955
16,2022-03-22 16:00:00,14.35,8.52,,TNO3955
17,2022-03-22 17:00:00,11.97,7.34,,TNO3955
18,2022-03-22 18:00:00,9.32,6.05,,TNO3955
19,2022-03-22 19:00:00,12.2,8.91,,TNO3955
20,2022-03-22 20:00:00,13.03,9.07,,TNO3955
21,2022-03-22 21:00:00,12.8,8.81,,TNO3955
22,2022-03-22 22:00:00,9.47,6.78,,TNO3955
23,2022-03-22 23:00:00,9.33,6.87,,TNO3955
0,2022-03-22 00:00:00,8.05,6.26,,TNT1088-EPA
1,2022-03-22 01:00:00,7.57,6.01,,TNT1088-EPA
2,2022-03-22 02:00:00,7.02,5.89,,TNT1088-EPA
3,2022-03-22 03:00:00,6.23,4.64,,TNT1088-EPA
4,2022-03-22 04:00:00,4.75,4.1,,TNT1088-EPA
5,2022-03-22 05:00:00,5.18,4.4,,TNT1088-EPA
6,2022-03-22 06:00:00,6.92,6.34,,TNT1088-EPA
7,2022-03-22 07:00:00,7.23,6.26,,TNT1088-EPA
8,2022-03-22 08:00:00,6.65,5.32,,TNT1088-EPA
9,2022-03-22 09:00:00,5.8,4.25,,TNT1088-EPA
10,2022-03-22 10:00:00,6.25,4.57,,TNT1088-EPA
11,2022-03-22 11:00:00,6.7,4.51,,TNT1088-EPA
12,2022-03-22 12:00:00,6.85,4.56,,TNT1088-EPA
13,2022-03-22 13:00:00,6.75,4.57,,TNT1088-EPA
14,2022-03-22 14:00:00,5.77,4.03,,TNT1088-EPA
15,2022-03-22 15:00:00,6.2,3.89,,TNT1088-EPA
16,2022-03-22 16:00:00,7.38,4.47,,TNT1088-EPA
17,2022-03-22 17:00:00,8.7,5.69,,TNT1088-EPA
18,2022-03-22 18:00:00,8.15,5.96,,TNT1088-EPA
19,2022-03-22 19:00:00,7.77,5.68,,TNT1088-EPA
20,2022-03-22 20:00:00,7.88,5.93,,TNT1088-EPA
21,2022-03-22 21:00:00,6.52,4.91,,TNT1088-EPA
22,2022-03-22 22:00:00,5.95,4.71,,TNT1088-EPA
23,2022-03-22 23:00:00,5.8,4.59,,TNT1088-EPA
0,2022-03-22 00:00:00,2.9,2.71,,TNO2161-EPA
1,2022-03-22 01:00:00,3.45,3.24,,TNO2161-EPA
2,2022-03-22 02:00:00,3.92,3.74,,TNO2161-EPA
3,2022-03-22 03:00:00,4.6,4.47,,TNO2161-EPA
4,2022-03-22 04:00:00,5.78,5.67,,TNO2161-EPA
5,2022-03-22 05:00:00,5.83,5.76,,TNO2161-EPA
6,2022-03-22 06:00:00,6.17,6.13,,TNO2161-EPA
7,2022-03-22 07:00:00,6.07,6.0,,TNO2161-EPA
8,2022-03-22 08:00:00,5.25,5.07,,TNO2161-EPA
9,2022-03-22 09:00:00,3.95,3.7,,TNO2161-EPA
10,2022-03-22 10:00:00,3.92,3.15,,TNO2161-EPA
11,2022-03-22 11:00:00,4.03,3.18,,TNO2161-EPA
12,2022-03-22 12:00:00,3.23,2.7,,TNO2161-EPA
13,2022-03-22 13:00:00,3.63,2.93,,TNO2161-EPA
14,2022-03-22 14:00:00,3.92,3.22,,TNO2161-EPA
15,2022-03-22 15:00:00,3.82,2.98,,TNO2161-EPA
16,2022-03-22 16:00:00,4.55,3.11,,TNO2161-EPA
17,2022-03-22 17:00:00,4.72,3.12,,TNO2161-EPA
18,2022-03-22 18:00:00,4.05,2.9,,TNO2161-EPA
19,2022-03-22 19:00:00,4.3,3.19,,TNO2161-EPA
20,2022-03-22 20:00:00,3.65,3.11,,TNO2161-EPA
21,2022-03-22 21:00:00,3.4,2.86,,TNO2161-EPA
22,2022-03-22 22:00:00,3.1,2.71,,TNO2161-EPA
23,2022-03-22 23:00:00,2.42,2.13,,TNO2161-EPA
