,region,period_begin,period_end,period_duration,median_sale_price,homes_sold
14352,"Atlanta, GA",2018-04-01,2018-04-30,30,345500.0,732.0
20404,"Denver, CO",2020-12-01,2020-12-31,30,527250.0,756.0
36859,"San Francisco, CA",2020-10-01,2020-10-31,30,1620000.0,280.0
49851,"New York, NY",2020-05-01,2020-05-31,30,605000.0,339.0
55535,"New York, NY",2019-10-01,2019-10-31,30,615000.0,787.0
71347,"Denver, CO",2020-07-01,2020-07-31,30,525000.0,1000.0
74623,"Atlanta, GA",2018-09-01,2018-09-30,30,335000.0,631.0
79475,"Chicago, IL",2018-02-01,2018-02-28,30,211996.0,604.0
83890,"Boston, MA",2020-02-01,2020-02-29,30,642350.0,42.0
98514,"Atlanta, GA",2018-08-01,2018-08-31,30,344000.0,779.0
109145,"New York, NY",2019-12-01,2019-12-31,30,599999.0,765.0
120772,"Boston, MA",2018-07-01,2018-07-31,30,617500.0,117.0
138837,"Chicago, IL",2018-07-01,2018-07-31,30,257250.0,1002.0
156405,"Atlanta, GA",2019-11-01,2019-11-30,30,365000.0,597.0
165396,"Boston, MA",2021-06-01,2021-06-30,30,820000.0,115.0
176229,"Boston, MA",2019-06-01,2019-06-30,30,660000.0,125.0
180629,"Seattle, WA",2019-06-01,2019-06-30,30,800000.0,650.0
189571,"Austin, TX",2020-09-01,2020-09-30,30,460000.0,1197.0
199027,"Los Angeles, CA",2018-11-01,2018-11-30,30,765000.0,1277.0
199801,"San Francisco, CA",2021-02-01,2021-02-28,30,1550000.0,151.0
205818,"Seattle, WA",2018-05-01,2018-05-31,30,835000.0,652.0
215976,"New York, NY",2020-01-01,2020-01-31,30,600000.0,708.0
220004,"Denver, CO",2018-03-01,2018-03-31,30,459000.0,787.0
233654,"Seattle, WA",2020-08-01,2020-08-31,30,897000.0,716.0
233841,"Los Angeles, CA",2021-08-01,2021-08-31,30,1111500.0,1654.0
237733,"Boston, MA",2020-01-01,2020-01-31,30,635000.0,47.0
244317,"Seattle, WA",2021-08-01,2021-08-31,30,952000.0,680.0
249340,"Boston, MA",2021-04-01,2021-04-30,30,755000.0,71.0
257167,"New York, NY",2021-08-01,2021-08-31,30,685000.0,1053.0
258113,"Los Angeles, CA",2018-05-01,2018-05-31,30,769000.0,1613.0
259036,"San Francisco, CA",2020-01-01,2020-01-31,30,1460000.0,94.0
275696,"Atlanta, GA",2021-04-01,2021-04-30,30,501250.0,831.0
276609,"Seattle, WA",2021-07-01,2021-07-31,30,975000.0,820.0
298886,"Seattle, WA",2019-11-01,2019-11-30,30,790000.0,497.0
301237,"Austin, TX",2020-08-01,2020-08-31,30,475000.0,1242.0
303970,"Boston, MA",2019-04-01,2019-04-30,30,697310.5,52.0
305521,"Boston, MA",2019-12-01,2019-12-31,30,625000.0,92.0
309054,"Chicago, IL",2020-11-01,2020-11-30,30,272800.0,919.0
312599,"Chicago, IL",2019-08-01,2019-08-31,30,250000.0,966.0
312942,"New York, NY",2021-09-01,2021-09-30,30,700000.0,845.0
320112,"Raleigh, NC",2019-10-01,2019-10-31,30,325000.0,517.0
322147,"Chicago, IL",2018-09-01,2018-09-30,30,244000.0,811.0
324883,"Seattle, WA",2019-02-01,2019-02-28,30,735000.0,375.0
333940,"New York, NY",2020-07-01,2020-07-31,30,610000.0,460.0
345224,"Boston, MA",2018-06-01,2018-06-30,30,676250.0,142.0
346277,"Chicago, IL",2019-02-01,2019-02-28,30,225000.0,549.0
355913,"Boston, MA",2020-10-01,2020-10-31,30,765000.0,97.0
358754,"Los Angeles, CA",2020-07-01,2020-07-31,30,935000.0,1539.0
366778,"Los Angeles, CA",2019-03-01,2019-03-31,30,795000.0,1239.0
368811,"San Francisco, CA",2018-04-01,2018-04-30,30,1650000.0,186.0
376020,"Chicago, IL",2018-04-01,2018-04-30,30,247000.0,967.0
383178,"Raleigh, NC",2018-11-01,2018-11-30,30,324500.0,434.0
385071,"Denver, CO",2021-06-01,2021-06-30,30,640000.0,935.0
386560,"Seattle, WA",2019-03-01,2019-03-31,30,767000.0,387.0
406918,"Seattle, WA",2018-11-01,2018-11-30,30,759000.0,437.0
407944,"Raleigh, NC",2018-06-01,2018-06-30,30,334250.0,664.0
412701,"Denver, CO",2021-12-01,2021-12-31,30,615250.0,648.0
413379,"Austin, TX",2021-05-01,2021-05-31,30,636094.5,1122.0
424298,"Atlanta, GA",2020-02-01,2020-02-29,30,320000.0,635.0
434351,"Boston, MA",2018-09-01,2018-09-30,30,560000.0,78.0
450794,"Atlanta, GA",2021-07-01,2021-07-31,30,515000.0,806.0
458188,"Boston, MA",2019-03-01,2019-03-31,30,630000.0,57.0
483705,"Raleigh, NC",2018-01-01,2018-01-31,30,285000.0,336.0
491773,"Denver, CO",2019-08-01,2019-08-31,30,481250.0,876.0
505664,"Austin, TX",2018-05-01,2018-05-31,30,396500.0,1329.0
518993,"Atlanta, GA",2021-03-01,2021-03-31,30,439900.0,835.0
529674,"Austin, TX",2021-01-01,2021-01-31,30,515000.0,687.0
532499,"San Francisco, CA",2018-03-01,2018-03-31,30,1670000.0,198.0
534177,"Seattle, WA",2019-12-01,2019-12-31,30,749950.0,476.0
535138,"Los Angeles, CA",2019-08-01,2019-08-31,30,810000.0,1600.0
541224,"San Francisco, CA",2018-09-01,2018-09-30,30,1500000.0,140.0
546385,"Seattle, WA",2021-03-01,2021-03-31,30,930000.0,588.0
555956,"New York, NY",2020-03-01,2020-03-31,30,626500.0,542.0
558993,"San Francisco, CA",2018-07-01,2018-07-31,30,1617500.0,186.0
565088,"Boston, MA",2020-11-01,2020-11-30,30,667000.0,74.0
579588,"Atlanta, GA",2018-07-01,2018-07-31,30,351000.0,738.0
588716,"Los Angeles, CA",2019-10-01,2019-10-31,30,825000.0,1519.0
596362,"Boston, MA",2019-09-01,2019-09-30,30,599000.0,63.0
596814,"Denver, CO",2018-02-01,2018-02-28,30,455000.0,597.0
602099,"Chicago, IL",2018-11-01,2018-11-30,30,227000.0,812.0
622135,"San Francisco, CA",2019-09-01,2019-09-30,30,1528500.0,128.0
641459,"Seattle, WA",2020-03-01,2020-03-31,30,874000.0,466.0
647356,"Los Angeles, CA",2021-10-01,2021-10-31,30,1065000.0,1645.0
648230,"Los Angeles, CA",2019-05-01,2019-05-31,30,787750.0,1577.0
650223,"Chicago, IL",2020-12-01,2020-12-31,30,280000.0,975.0
673761,"Raleigh, NC",2019-11-01,2019-11-30,30,335000.0,424.0
678758,"New York, NY",2018-07-01,2018-07-31,30,599000.0,773.0
692395,"New York, NY",2019-08-01,2019-08-31,30,608750.0,802.0
693456,"San Francisco, CA",2019-11-01,2019-11-30,30,1600000.0,203.0
704992,"Austin, TX",2018-02-01,2018-02-28,30,372000.0,749.0
715180,"San Francisco, CA",2019-07-01,2019-07-31,30,1575500.0,208.0
716464,"Chicago, IL",2020-08-01,2020-08-31,30,306000.0,1091.0
717081,"Boston, MA",2018-04-01,2018-04-30,30,575000.0,57.0
718085,"Austin, TX",2018-09-01,2018-09-30,30,375000.0,878.0
726123,"Raleigh, NC",2020-02-01,2020-02-29,30,336000.0,400.0
733466,"Seattle, WA",2021-12-01,2021-12-31,30,925000.0,445.0
740119,"Seattle, WA",2020-07-01,2020-07-31,30,860500.0,706.0
740571,"San Francisco, CA",2020-06-01,2020-06-30,30,1807500.0,160.0
741617,"Austin, TX",2021-08-01,2021-08-31,30,601805.0,1130.0
742251,"Denver, CO",2018-12-01,2018-12-31,30,425000.0,582.0
749340,"Seattle, WA",2018-01-01,2018-01-31,30,766000.0,311.0
756009,"Atlanta, GA",2019-09-01,2019-09-30,30,349850.0,684.0
757751,"Boston, MA",2019-05-01,2019-05-31,30,665000.0,101.0
773023,"Chicago, IL",2018-03-01,2018-03-31,30,232000.0,815.0
778006,"Austin, TX",2020-06-01,2020-06-30,30,450250.0,1211.0
800371,"San Francisco, CA",2021-04-01,2021-04-30,30,1785000.0,265.0
801589,"Los Angeles, CA",2021-04-01,2021-04-30,30,1100000.0,1795.0
801854,"Los Angeles, CA",2018-07-01,2018-07-31,30,763500.0,1571.0
803414,"Denver, CO",2020-04-01,2020-04-30,30,500000.0,517.0
805921,"Los Angeles, CA",2021-11-01,2021-11-30,30,1060000.0,1617.0
816748,"Atlanta, GA",2020-03-01,2020-03-31,30,390000.0,705.0
823100,"Denver, CO",2020-06-01,2020-06-30,30,500000.0,883.0
827514,"New York, NY",2020-12-01,2020-12-31,30,642500.0,1042.0
842015,"Chicago, IL",2019-05-01,2019-05-31,30,265000.0,1029.0
842985,"Austin, TX",2021-10-01,2021-10-31,30,580000.0,890.0
848487,"Seattle, WA",2019-04-01,2019-04-30,30,810000.0,591.0
848876,"Chicago, IL",2020-10-01,2020-10-31,30,285000.0,1093.0
856087,"Seattle, WA",2019-01-01,2019-01-31,30,720000.0,279.0
856682,"Chicago, IL",2019-09-01,2019-09-30,30,240000.0,809.0
861000,"Atlanta, GA",2021-08-01,2021-08-31,30,455000.0,715.0
881948,"Raleigh, NC",2018-08-01,2018-08-31,30,295500.0,590.0
901801,"Raleigh, NC",2018-07-01,2018-07-31,30,318000.0,609.0
920727,"Seattle, WA",2018-06-01,2018-06-30,30,802000.0,649.0
942441,"Austin, TX",2021-04-01,2021-04-30,30,630000.0,1064.0
956668,"Atlanta, GA",2021-11-01,2021-11-30,30,506500.0,644.0
957816,"Denver, CO",2018-05-01,2018-05-31,30,485000.0,987.0
962740,"Boston, MA",2018-08-01,2018-08-31,30,645988.5,112.0
975332,"New York, NY",2021-04-01,2021-04-30,30,680000.0,818.0
979934,"Chicago, IL",2020-07-01,2020-07-31,30,290000.0,1006.0
982911,"San Francisco, CA",2020-09-01,2020-09-30,30,1650000.0,217.0
987004,"Atlanta, GA",2019-08-01,2019-08-31,30,333500.0,783.0
1003835,"New York, NY",2019-07-01,2019-07-31,30,615000.0,721.0
1010143,"Denver, CO",2021-07-01,2021-07-31,30,630000.0,875.0
1014523,"San Francisco, CA",2020-02-01,2020-02-29,30,1590000.0,111.0
1017676,"San Francisco, CA",2019-12-01,2019-12-31,30,1420000.0,175.0
1025480,"Seattle, WA",2021-10-01,2021-10-31,30,920000.0,678.0
1049575,"New York, NY",2020-06-01,2020-06-30,30,620000.0,486.0
1079489,"Atlanta, GA",2019-02-01,2019-02-28,30,278000.0,497.0
1083039,"Chicago, IL",2018-12-01,2018-12-31,30,215500.0,765.0
1093084,"Austin, TX",2019-03-01,2019-03-31,30,385000.0,959.0
1094571,"San Francisco, CA",2021-06-01,2021-06-30,30,1910000.0,294.0
1098192,"Los Angeles, CA",2020-01-01,2020-01-31,30,827000.0,1088.0
1111465,"Austin, TX",2020-01-01,2020-01-31,30,404000.0,600.0
1111730,"Chicago, IL",2019-04-01,2019-04-30,30,250000.0,871.0
1135634,"Denver, CO",2020-10-01,2020-10-31,30,560000.0,931.0
1135980,"Seattle, WA",2020-05-01,2020-05-31,30,800000.0,436.0
1139653,"New York, NY",2021-10-01,2021-10-31,30,694000.0,929.0
1140657,"New York, NY",2020-09-01,2020-09-30,30,623500.0,660.0
1159904,"New York, NY",2018-08-01,2018-08-31,30,595000.0,805.0
1169246,"San Francisco, CA",2020-04-01,2020-04-30,30,1675000.0,102.0
1169667,"Denver, CO",2018-08-01,2018-08-31,30,460000.0,923.0
1181508,"Los Angeles, CA",2020-02-01,2020-02-29,30,825000.0,1026.0
1185681,"Denver, CO",2019-06-01,2019-06-30,30,490000.0,961.0
1204045,"Denver, CO",2018-10-01,2018-10-31,30,465000.0,749.0
1205205,"Austin, TX",2020-04-01,2020-04-30,30,450000.0,782.0
1208866,"Boston, MA",2020-12-01,2020-12-31,30,692750.0,110.0
1209008,"Seattle, WA",2020-01-01,2020-01-31,30,772500.0,304.0
1218076,"San Francisco, CA",2020-07-01,2020-07-31,30,1653750.0,209.0
1234031,"Austin, TX",2021-02-01,2021-02-28,30,552000.0,659.0
1245800,"Raleigh, NC",2021-08-01,2021-08-31,30,433750.0,526.0
1261277,"Austin, TX",2018-01-01,2018-01-31,30,352500.0,615.0
1267504,"San Francisco, CA",2019-04-01,2019-04-30,30,1615000.0,221.0
1270166,"Seattle, WA",2021-09-01,2021-09-30,30,909000.0,630.0
1270987,"Los Angeles, CA",2018-08-01,2018-08-31,30,799000.0,1702.0
1281256,"New York, NY",2018-01-01,2018-01-31,30,569000.0,685.0
1282509,"Raleigh, NC",2021-12-01,2021-12-31,30,440000.0,458.0
1304951,"Boston, MA",2021-01-01,2021-01-31,30,694000.0,77.0
1312664,"New York, NY",2019-11-01,2019-11-30,30,619000.0,669.0
1325874,"Raleigh, NC",2020-06-01,2020-06-30,30,340000.0,530.0
1326283,"Los Angeles, CA",2021-03-01,2021-03-31,30,1087000.0,1779.0
1326788,"Seattle, WA",2020-02-01,2020-02-29,30,759000.0,311.0
1330008,"Los Angeles, CA",2020-09-01,2020-09-30,30,1000500.0,1687.0
1341364,"New York, NY",2018-06-01,2018-06-30,30,588000.0,713.0
1342587,"Austin, TX",2020-03-01,2020-03-31,30,437500.0,959.0
1347723,"Los Angeles, CA",2021-05-01,2021-05-31,30,1080000.0,1751.0
1355971,"Denver, CO",2020-08-01,2020-08-31,30,525000.0,821.0
1361904,"Austin, TX",2018-03-01,2018-03-31,30,380000.0,1037.0
1380801,"New York, NY",2018-05-01,2018-05-31,30,571000.0,674.0
1388125,"Los Angeles, CA",2020-05-01,2020-05-31,30,825500.0,764.0
1390694,"Chicago, IL",2018-05-01,2018-05-31,30,255000.0,1088.0
1392871,"Raleigh, NC",2020-09-01,2020-09-30,30,383000.0,541.0
1399329,"Atlanta, GA",2018-11-01,2018-11-30,30,361500.0,601.0
1403915,"New York, NY",2018-04-01,2018-04-30,30,568000.0,630.0
1409782,"Denver, CO",2021-01-01,2021-01-31,30,500000.0,485.0
1409849,"Seattle, WA",2018-03-01,2018-03-31,30,815000.0,480.0
1413634,"Chicago, IL",2018-10-01,2018-10-31,30,233000.0,875.0
1418896,"San Francisco, CA",2020-12-01,2020-12-31,30,1579000.0,267.0
1428755,"Austin, TX",2019-07-01,2019-07-31,30,424900.0,1207.0
1439706,"Los Angeles, CA",2021-12-01,2021-12-31,30,1125000.0,1703.0
1465498,"Boston, MA",2019-01-01,2019-01-31,30,625000.0,53.0
1468402,"Seattle, WA",2018-07-01,2018-07-31,30,806350.0,640.0
1470777,"Boston, MA",2019-10-01,2019-10-31,30,659500.0,74.0
1476506,"Austin, TX",2019-06-01,2019-06-30,30,425000.0,1248.0
1489935,"Atlanta, GA",2018-05-01,2018-05-31,30,355000.0,900.0
1491788,"San Francisco, CA",2021-01-01,2021-01-31,30,1525750.0,152.0
1499565,"Seattle, WA",2020-12-01,2020-12-31,30,824714.0,586.0
1547181,"Seattle, WA",2021-05-01,2021-05-31,30,1002000.0,753.0
1548955,"Boston, MA",2021-08-01,2021-08-31,30,811500.0,118.0
1549269,"Los Angeles, CA",2018-09-01,2018-09-30,30,750000.0,1257.0
1561131,"New York, NY",2020-08-01,2020-08-31,30,599000.0,459.0
1564880,"Boston, MA",2020-08-01,2020-08-31,30,699000.0,91.0
1569109,"New York, NY",2020-04-01,2020-04-30,30,619500.0,320.0
1582578,"Raleigh, NC",2019-09-01,2019-09-30,30,320870.0,419.0
1583588,"Los Angeles, CA",2021-07-01,2021-07-31,30,1140000.0,1766.0
1595814,"Austin, TX",2019-11-01,2019-11-30,30,409900.0,841.0
1595929,"Denver, CO",2019-01-01,2019-01-31,30,410000.0,483.0
1598329,"Chicago, IL",2021-05-01,2021-05-31,30,345000.0,985.0
1602460,"Chicago, IL",2021-03-01,2021-03-31,30,315000.0,904.0
1612261,"San Francisco, CA",2020-08-01,2020-08-31,30,1656000.0,208.0
1614573,"Los Angeles, CA",2020-06-01,2020-06-30,30,835000.0,1122.0
1625558,"Chicago, IL",2019-11-01,2019-11-30,30,238250.0,718.0
1633806,"Boston, MA",2018-01-01,2018-01-31,30,574000.0,72.0
1643970,"Raleigh, NC",2021-11-01,2021-11-30,30,438500.0,465.0
1648400,"Boston, MA",2020-03-01,2020-03-31,30,655000.0,49.0
1654872,"New York, NY",2021-02-01,2021-02-28,30,639000.0,747.0
1655118,"Denver, CO",2020-02-01,2020-02-29,30,475000.0,513.0
1655860,"New York, NY",2019-01-01,2019-01-31,30,585496.5,632.0
1656810,"Los Angeles, CA",2019-12-01,2019-12-31,30,815000.0,1404.0
1671202,"Los Angeles, CA",2019-04-01,2019-04-30,30,791000.0,1533.0
1676008,"Boston, MA",2021-02-01,2021-02-28,30,612925.0,45.0
1715273,"Austin, TX",2019-01-01,2019-01-31,30,357500.0,600.0
1735056,"Seattle, WA",2019-10-01,2019-10-31,30,785000.0,559.0
1736346,"Atlanta, GA",2020-12-01,2020-12-31,30,400000.0,843.0
1739617,"Raleigh, NC",2019-02-01,2019-02-28,30,305500.0,376.0
1742933,"Chicago, IL",2019-07-01,2019-07-31,30,268000.0,1024.0
1747714,"Denver, CO",2019-05-01,2019-05-31,30,495000.0,1007.0
1758831,"Atlanta, GA",2018-12-01,2018-12-31,30,325000.0,563.0
1762179,"Boston, MA",2019-02-01,2019-02-28,30,592000.0,55.0
1772320,"Raleigh, NC",2021-09-01,2021-09-30,30,428000.0,461.0
1772904,"Atlanta, GA",2021-05-01,2021-05-31,30,525000.0,873.0
1774367,"Denver, CO",2018-01-01,2018-01-31,30,435000.0,523.0
1788835,"Denver, CO",2021-08-01,2021-08-31,30,610000.0,848.0
1789464,"New York, NY",2018-12-01,2018-12-31,30,599450.0,684.0
1799848,"Atlanta, GA",2018-01-01,2018-01-31,30,264250.0,493.0
1827009,"Los Angeles, CA",2019-02-01,2019-02-28,30,730000.0,909.0
1835561,"Seattle, WA",2019-08-01,2019-08-31,30,770000.0,619.0
1856285,"Chicago, IL",2021-06-01,2021-06-30,30,346750.0,1200.0
1868233,"Austin, TX",2021-09-01,2021-09-30,30,588000.0,1064.0
1871049,"Seattle, WA",2021-04-01,2021-04-30,30,952500.0,728.0
1898935,"Chicago, IL",2019-03-01,2019-03-31,30,233750.0,754.0
1902575,"San Francisco, CA",2021-10-01,2021-10-31,30,1800000.0,301.0
1905013,"Chicago, IL",2021-01-01,2021-01-31,30,275000.0,678.0
1918296,"Atlanta, GA",2018-06-01,2018-06-30,30,376500.0,891.0
1919910,"Denver, CO",2019-09-01,2019-09-30,30,465250.0,800.0
1935122,"Austin, TX",2021-12-01,2021-12-31,30,599000.0,945.0
1936697,"Seattle, WA",2018-08-01,2018-08-31,30,757250.0,570.0
1945804,"New York, NY",2021-01-01,2021-01-31,30,640000.0,847.0
1956218,"New York, NY",2021-05-01,2021-05-31,30,675000.0,787.0
1963359,"Denver, CO",2020-01-01,2020-01-31,30,447000.0,472.0
1965796,"Seattle, WA",2021-06-01,2021-06-30,30,978250.0,889.0
1982959,"Atlanta, GA",2019-10-01,2019-10-31,30,320750.0,726.0
1998192,"Chicago, IL",2018-01-01,2018-01-31,30,206500.0,670.0
2009267,"San Francisco, CA",2018-10-01,2018-10-31,30,1600000.0,243.0
2037323,"Raleigh, NC",2020-04-01,2020-04-30,30,360000.0,449.0
2041720,"Seattle, WA",2018-04-01,2018-04-30,30,835000.0,568.0
2043830,"Austin, TX",2018-11-01,2018-11-30,30,377000.0,793.0
2044819,"Austin, TX",2019-05-01,2019-05-31,30,427000.0,1326.0
2055535,"San Francisco, CA",2019-08-01,2019-08-31,30,1570000.0,162.0
2061092,"San Francisco, CA",2021-09-01,2021-09-30,30,1750000.0,233.0
2073498,"Austin, TX",2019-04-01,2019-04-30,30,410000.0,1106.0
2089211,"Raleigh, NC",2018-03-01,2018-03-31,30,318000.0,483.0
2095413,"New York, NY",2021-03-01,2021-03-31,30,644000.0,926.0
2103135,"Los Angeles, CA",2019-06-01,2019-06-30,30,835000.0,1511.0
2112665,"San Francisco, CA",2019-03-01,2019-03-31,30,1650000.0,170.0
2134353,"Los Angeles, CA",2020-11-01,2020-11-30,30,959000.0,1530.0
2137611,"Seattle, WA",2019-07-01,2019-07-31,30,775000.0,660.0
2140850,"Los Angeles, CA",2018-10-01,2018-10-31,30,750000.0,1477.0
2149185,"Seattle, WA",2018-09-01,2018-09-30,30,775000.0,433.0
2154146,"Chicago, IL",2018-06-01,2018-06-30,30,261000.0,1089.0
2159266,"Austin, TX",2020-02-01,2020-02-29,30,420000.0,817.0
2160457,"New York, NY",2020-02-01,2020-02-29,30,599450.0,550.0
2190261,"Atlanta, GA",2020-06-01,2020-06-30,30,398900.0,765.0
2191043,"Boston, MA",2018-03-01,2018-03-31,30,582500.0,50.0
2197757,"Raleigh, NC",2019-01-01,2019-01-31,30,310000.0,289.0
2199715,"San Francisco, CA",2021-07-01,2021-07-31,30,1850000.0,236.0
2202382,"New York, NY",2021-07-01,2021-07-31,30,680000.0,941.0
2211998,"Los Angeles, CA",2018-01-01,2018-01-31,30,689000.0,1089.0
2226899,"Los Angeles, CA",2020-04-01,2020-04-30,30,800250.0,810.0
2233459,"Raleigh, NC",2021-02-01,2021-02-28,30,370000.0,343.0
2233934,"Chicago, IL",2019-10-01,2019-10-31,30,238000.0,898.0
2246577,"Atlanta, GA",2019-07-01,2019-07-31,30,365000.0,822.0
2267520,"Raleigh, NC",2021-05-01,2021-05-31,30,430000.0,549.0
2269560,"Chicago, IL",2020-05-01,2020-05-31,30,255000.0,690.0
2279799,"Los Angeles, CA",2021-09-01,2021-09-30,30,1068000.0,1671.0
2280647,"Denver, CO",2019-12-01,2019-12-31,30,450000.0,762.0
2295091,"Boston, MA",2020-04-01,2020-04-30,30,655000.0,45.0
2304441,"Raleigh, NC",2018-05-01,2018-05-31,30,318000.0,613.0
2320263,"Boston, MA",2018-05-01,2018-05-31,30,660000.0,83.0
2325043,"Atlanta, GA",2021-01-01,2021-01-31,30,384000.0,543.0
2334799,"Seattle, WA",2020-09-01,2020-09-30,30,840000.0,767.0
2353811,"Raleigh, NC",2021-03-01,2021-03-31,30,380000.0,479.0
2355804,"New York, NY",2020-10-01,2020-10-31,30,630000.0,892.0
2367777,"Seattle, WA",2020-04-01,2020-04-30,30,870000.0,423.0
2373078,"Raleigh, NC",2018-09-01,2018-09-30,30,310000.0,409.0
2379172,"Los Angeles, CA",2018-04-01,2018-04-30,30,775000.0,1473.0
2387322,"San Francisco, CA",2019-01-01,2019-01-31,30,1325000.0,97.0
2395716,"Seattle, WA",2018-12-01,2018-12-31,30,722500.0,390.0
2411351,"San Francisco, CA",2018-05-01,2018-05-31,30,1602000.0,241.0
2430539,"Chicago, IL",2021-02-01,2021-02-28,30,275000.0,589.0
2439904,"Chicago, IL",2020-03-01,2020-03-31,30,260000.0,726.0
2441050,"Raleigh, NC",2021-10-01,2021-10-31,30,430000.0,505.0
2466172,"New York, NY",2021-12-01,2021-12-31,30,680000.0,870.0
2481154,"Austin, TX",2021-06-01,2021-06-30,30,650000.0,1230.0
2486616,"Raleigh, NC",2019-07-01,2019-07-31,30,340000.0,573.0
2488032,"Denver, CO",2020-11-01,2020-11-30,30,554500.0,797.0
2500862,"Atlanta, GA",2020-01-01,2020-01-31,30,315000.0,530.0
2503573,"Chicago, IL",2019-06-01,2019-06-30,30,280000.0,987.0
2505097,"Denver, CO",2021-11-01,2021-11-30,30,601550.0,765.0
2509394,"Chicago, IL",2021-11-01,2021-11-30,30,314000.0,942.0
2524163,"Boston, MA",2021-12-01,2021-12-31,30,730000.0,115.0
2532100,"Boston, MA",2019-11-01,2019-11-30,30,599950.0,80.0
2549517,"San Francisco, CA",2020-11-01,2020-11-30,30,1650000.0,260.0
2550474,"San Francisco, CA",2021-08-01,2021-08-31,30,1825000.0,239.0
2553216,"Atlanta, GA",2021-06-01,2021-06-30,30,560000.0,886.0
2558991,"Austin, TX",2018-08-01,2018-08-31,30,399000.0,1165.0
2567211,"Atlanta, GA",2018-02-01,2018-02-28,30,280000.0,528.0
2567603,"Los Angeles, CA",2021-06-01,2021-06-30,30,1182500.0,1922.0
2576721,"Denver, CO",2021-04-01,2021-04-30,30,625000.0,834.0
2577021,"Seattle, WA",2020-11-01,2020-11-30,30,849000.0,620.0
2578308,"New York, NY",2018-02-01,2018-02-28,30,579000.0,541.0
2585115,"Denver, CO",2018-04-01,2018-04-30,30,495500.0,834.0
2590216,"Denver, CO",2021-02-01,2021-02-28,30,568200.0,576.0
2591347,"Los Angeles, CA",2020-03-01,2020-03-31,30,871000.0,1209.0
2615725,"New York, NY",2019-04-01,2019-04-30,30,585000.0,610.0
2618618,"Denver, CO",2018-06-01,2018-06-30,30,480000.0,978.0
2630453,"Raleigh, NC",2020-12-01,2020-12-31,30,368000.0,550.0
2632367,"Austin, TX",2018-07-01,2018-07-31,30,405000.0,1259.0
2642526,"San Francisco, CA",2018-12-01,2018-12-31,30,1485000.0,155.0
2645890,"San Francisco, CA",2018-11-01,2018-11-30,30,1423000.0,220.0
2649303,"Raleigh, NC",2021-01-01,2021-01-31,30,372500.0,355.0
2650889,"Denver, CO",2019-03-01,2019-03-31,30,465000.0,794.0
2654809,"Atlanta, GA",2020-08-01,2020-08-31,30,410000.0,847.0
2657052,"Boston, MA",2018-02-01,2018-02-28,30,540000.0,29.0
2669319,"Raleigh, NC",2020-11-01,2020-11-30,30,374000.0,493.0
2674850,"Denver, CO",2020-09-01,2020-09-30,30,533500.0,890.0
2676256,"New York, NY",2018-03-01,2018-03-31,30,560500.0,617.0
2678210,"Seattle, WA",2021-11-01,2021-11-30,30,899475.0,590.0
2679494,"Austin, TX",2020-10-01,2020-10-31,30,480000.0,1185.0
2690473,"Denver, CO",2020-05-01,2020-05-31,30,500000.0,467.0
2692851,"Raleigh, NC",2020-05-01,2020-05-31,30,329000.0,466.0
2701085,"Raleigh, NC",2020-07-01,2020-07-31,30,350000.0,619.0
2701568,"San Francisco, CA",2018-02-01,2018-02-28,30,1700000.0,105.0
2707916,"Seattle, WA",2018-10-01,2018-10-31,30,760000.0,523.0
2711058,"Austin, TX",2020-12-01,2020-12-31,30,509000.0,1126.0
2711539,"Austin, TX",2018-06-01,2018-06-30,30,400000.0,1326.0
2715311,"New York, NY",2018-11-01,2018-11-30,30,585000.0,688.0
2722431,"Los Angeles, CA",2019-07-01,2019-07-31,30,820000.0,1594.0
2731700,"Seattle, WA",2020-10-01,2020-10-31,30,840500.0,792.0
2743076,"Denver, CO",2019-11-01,2019-11-30,30,465000.0,717.0
2747153,"Atlanta, GA",2020-05-01,2020-05-31,30,373000.0,568.0
2750743,"Chicago, IL",2021-07-01,2021-07-31,30,335000.0,988.0
2757928,"Los Angeles, CA",2021-01-01,2021-01-31,30,950000.0,1285.0
2764620,"Atlanta, GA",2020-09-01,2020-09-30,30,427000.0,857.0
2766531,"Atlanta, GA",2019-06-01,2019-06-30,30,399000.0,761.0
2774977,"Seattle, WA",2018-02-01,2018-02-28,30,765777.0,362.0
2789468,"Los Angeles, CA",2018-02-01,2018-02-28,30,758000.0,1066.0
2796163,"Austin, TX",2019-08-01,2019-08-31,30,410000.0,1181.0
2808911,"New York, NY",2019-06-01,2019-06-30,30,625000.0,711.0
2814798,"Chicago, IL",2020-09-01,2020-09-30,30,300000.0,1072.0
2827578,"Seattle, WA",2019-09-01,2019-09-30,30,775000.0,488.0
2827857,"Atlanta, GA",2019-01-01,2019-01-31,30,286000.0,428.0
2828298,"Chicago, IL",2021-10-01,2021-10-31,30,290000.0,969.0
2828363,"Atlanta, GA",2021-10-01,2021-10-31,30,495700.0,690.0
2834313,"Los Angeles, CA",2020-12-01,2020-12-31,30,960000.0,1808.0
2834615,"San Francisco, CA",2021-12-01,2021-12-31,30,1700000.0,190.0
2846241,"Raleigh, NC",2019-04-01,2019-04-30,30,320000.0,558.0
2848772,"Los Angeles, CA",2018-12-01,2018-12-31,30,745000.0,1232.0
2855731,"Atlanta, GA",2020-11-01,2020-11-30,30,447000.0,684.0
2856935,"Austin, TX",2020-07-01,2020-07-31,30,462000.0,1433.0
2871149,"Chicago, IL",2020-04-01,2020-04-30,30,289000.0,711.0
2875781,"Atlanta, GA",2018-03-01,2018-03-31,30,326000.0,777.0
2881686,"San Francisco, CA",2018-06-01,2018-06-30,30,1625000.0,223.0
2882203,"Boston, MA",2021-07-01,2021-07-31,30,827000.0,140.0
2889716,"Austin, TX",2018-12-01,2018-12-31,30,385000.0,871.0
2890445,"San Francisco, CA",2021-11-01,2021-11-30,30,1850000.0,274.0
2891154,"Raleigh, NC",2021-04-01,2021-04-30,30,410000.0,525.0
2897701,"San Francisco, CA",2019-10-01,2019-10-31,30,1618000.0,246.0
2915818,"Denver, CO",2019-07-01,2019-07-31,30,491250.0,948.0
2920620,"Raleigh, NC",2021-07-01,2021-07-31,30,425000.0,532.0
2923396,"Boston, MA",2020-06-01,2020-06-30,30,718500.0,70.0
2926109,"Austin, TX",2020-11-01,2020-11-30,30,476875.0,1076.0
2944312,"Raleigh, NC",2020-03-01,2020-03-31,30,340000.0,503.0
2953663,"Raleigh, NC",2019-03-01,2019-03-31,30,319495.0,506.0
2953731,"Denver, CO",2021-03-01,2021-03-31,30,605000.0,766.0
2969988,"Boston, MA",2020-07-01,2020-07-31,30,715000.0,103.0
2975859,"Atlanta, GA",2019-03-01,2019-03-31,30,360000.0,750.0
2978503,"Atlanta, GA",2020-10-01,2020-10-31,30,427500.0,791.0
2981888,"Chicago, IL",2021-09-01,2021-09-30,30,300000.0,971.0
2992659,"New York, NY",2019-09-01,2019-09-30,30,611000.0,698.0
3001439,"San Francisco, CA",2021-03-01,2021-03-31,30,1717500.0,248.0
3022555,"Atlanta, GA",2020-04-01,2020-04-30,30,425000.0,538.0
3022748,"Denver, CO",2019-04-01,2019-04-30,30,495750.0,892.0
3029828,"Boston, MA",2021-05-01,2021-05-31,30,827500.0,98.0
3033283,"Austin, TX",2019-09-01,2019-09-30,30,410000.0,993.0
3037995,"Raleigh, NC",2021-06-01,2021-06-30,30,450000.0,647.0
3045372,"Chicago, IL",2021-12-01,2021-12-31,30,300000.0,980.0
3046205,"Seattle, WA",2021-01-01,2021-01-31,30,850000.0,382.0
3058479,"Boston, MA",2018-12-01,2018-12-31,30,562150.0,71.0
3062051,"Chicago, IL",2020-02-01,2020-02-29,30,242000.0,586.0
3063351,"Boston, MA",2018-11-01,2018-11-30,30,630000.0,117.0
3064170,"Chicago, IL",2018-08-01,2018-08-31,30,250000.0,1064.0
3068450,"Atlanta, GA",2021-02-01,2021-02-28,30,420000.0,601.0
3081137,"Raleigh, NC",2020-01-01,2020-01-31,30,350000.0,329.0
3094088,"New York, NY",2019-05-01,2019-05-31,30,598475.0,658.0
3096522,"Boston, MA",2020-05-01,2020-05-31,30,677500.0,55.0
3106841,"Raleigh, NC",2018-04-01,2018-04-30,30,316000.0,533.0
3108962,"Raleigh, NC",2019-06-01,2019-06-30,30,322000.0,600.0
3115930,"Atlanta, GA",2021-12-01,2021-12-31,30,475000.0,641.0
3121425,"Raleigh, NC",2019-05-01,2019-05-31,30,327500.0,604.0
3128475,"Los Angeles, CA",2020-10-01,2020-10-31,30,985000.0,1781.0
3134048,"Austin, TX",2018-10-01,2018-10-31,30,385000.0,930.0
3136069,"San Francisco, CA",2019-02-01,2019-02-28,30,1500000.0,119.0
3143479,"Austin, TX",2019-02-01,2019-02-28,30,364069.0,782.0
3148908,"Denver, CO",2020-03-01,2020-03-31,30,508250.0,674.0
3151860,"Seattle, WA",2020-06-01,2020-06-30,30,850000.0,607.0
3164151,"New York, NY",2018-10-01,2018-10-31,30,588000.0,733.0
3171853,"Atlanta, GA",2021-09-01,2021-09-30,30,440000.0,716.0
3172439,"Boston, MA",2021-03-01,2021-03-31,30,758000.0,65.0
3172660,"New York, NY",2019-03-01,2019-03-31,30,572500.0,563.0
3178505,"Austin, TX",2021-03-01,2021-03-31,30,575000.0,921.0
3187647,"Atlanta, GA",2019-04-01,2019-04-30,30,380000.0,817.0
3195095,"Atlanta, GA",2019-05-01,2019-05-31,30,379000.0,916.0
3199260,"Chicago, IL",2019-12-01,2019-12-31,30,235000.0,778.0
3200196,"Los Angeles, CA",2019-11-01,2019-11-30,30,840000.0,1337.0
3209514,"Raleigh, NC",2018-10-01,2018-10-31,30,318000.0,463.0
3211372,"Denver, CO",2018-09-01,2018-09-30,30,450000.0,680.0
3215136,"Chicago, IL",2021-08-01,2021-08-31,30,320000.0,1019.0
3217039,"Austin, TX",2021-11-01,2021-11-30,30,597500.0,975.0
3238743,"Denver, CO",2021-05-01,2021-05-31,30,647500.0,775.0
3271985,"Boston, MA",2021-10-01,2021-10-31,30,699900.0,79.0
3280049,"New York, NY",2021-06-01,2021-06-30,30,673500.0,902.0
3288471,"Boston, MA",2019-08-01,2019-08-31,30,644500.0,102.0
3295014,"Los Angeles, CA",2020-08-01,2020-08-31,30,965000.0,1516.0
3298116,"Boston, MA",2021-11-01,2021-11-30,30,796000.0,88.0
3308409,"San Francisco, CA",2021-05-01,2021-05-31,30,1842500.0,242.0
3309137,"New York, NY",2021-11-01,2021-11-30,30,690000.0,849.0
3313207,"Chicago, IL",2020-06-01,2020-06-30,30,286000.0,735.0
3319713,"Los Angeles, CA",2018-03-01,2018-03-31,30,760000.0,1518.0
3327819,"Los Angeles, CA",2021-02-01,2021-02-28,30,980000.0,1313.0
3328839,"Los Angeles, CA",2019-01-01,2019-01-31,30,740000.0,939.0
3335071,"San Francisco, CA",2018-01-01,2018-01-31,30,1330000.0,91.0
3335473,"Denver, CO",2021-09-01,2021-09-30,30,589700.0,706.0
3343542,"Chicago, IL",2021-04-01,2021-04-30,30,339000.0,917.0
3346857,"Atlanta, GA",2018-10-01,2018-10-31,30,325000.0,636.0
3351443,"Austin, TX",2019-12-01,2019-12-31,30,410000.0,1007.0
3355928,"Denver, CO",2018-11-01,2018-11-30,30,455000.0,649.0
3359118,"Raleigh, NC",2020-10-01,2020-10-31,30,371250.0,580.0
3359972,"Boston, MA",2020-09-01,2020-09-30,30,703500.0,107.0
3363226,"Raleigh, NC",2020-08-01,2020-08-31,30,385000.0,567.0
3363333,"Boston, MA",2021-09-01,2021-09-30,30,725000.0,98.0
3368129,"San Francisco, CA",2020-05-01,2020-05-31,30,1612000.0,103.0
3387926,"Raleigh, NC",2018-12-01,2018-12-31,30,327500.0,444.0
3422091,"Austin, TX",2020-05-01,2020-05-31,30,435000.0,833.0
3434665,"San Francisco, CA",2019-05-01,2019-05-31,30,1645000.0,239.0
3446495,"New York, NY",2019-02-01,2019-02-28,30,579000.0,493.0
3454701,"New York, NY",2018-09-01,2018-09-30,30,585000.0,676.0
3465644,"Austin, TX",2018-04-01,2018-04-30,30,409000.0,1083.0
3466585,"Raleigh, NC",2019-08-01,2019-08-31,30,320000.0,575.0
3471678,"Denver, CO",2018-07-01,2018-07-31,30,466250.0,802.0
3480943,"Los Angeles, CA",2018-06-01,2018-06-30,30,795000.0,1715.0
3496127,"Chicago, IL",2019-01-01,2019-01-31,30,223000.0,625.0
3497110,"Los Angeles, CA",2019-09-01,2019-09-30,30,800000.0,1437.0
3497453,"Denver, CO",2019-10-01,2019-10-31,30,474500.0,830.0
3504473,"Atlanta, GA",2019-12-01,2019-12-31,30,357750.0,699.0
3526032,"Seattle, WA",2021-02-01,2021-02-28,30,866250.0,442.0
3528268,"Atlanta, GA",2020-07-01,2020-07-31,30,428500.0,875.0
3535971,"Austin, TX",2019-10-01,2019-10-31,30,413525.0,1011.0
3539160,"Raleigh, NC",2019-12-01,2019-12-31,30,312500.0,504.0
3540927,"Denver, CO",2019-02-01,2019-02-28,30,441000.0,606.0
3551085,"San Francisco, CA",2020-03-01,2020-03-31,30,1650000.0,157.0
3551099,"Chicago, IL",2020-01-01,2020-01-31,30,225000.0,656.0
3583752,"Boston, MA",2019-07-01,2019-07-31,30,670450.0,112.0
3587897,"Denver, CO",2021-10-01,2021-10-31,30,596500.0,792.0
3593675,"San Francisco, CA",2018-08-01,2018-08-31,30,1520000.0,196.0
3599697,"San Francisco, CA",2019-06-01,2019-06-30,30,1719500.0,190.0
3614709,"Boston, MA",2018-10-01,2018-10-31,30,610000.0,89.0
3627899,"Raleigh, NC",2018-02-01,2018-02-28,30,302500.0,330.0
3628818,"Austin, TX",2021-07-01,2021-07-31,30,642000.0,1205.0
3633690,"Seattle, WA",2019-05-01,2019-05-31,30,800000.0,671.0
3651121,"New York, NY",2020-11-01,2020-11-30,30,640000.0,796.0
