,Unnamed: 0,region,period_begin,period_end,period_duration,median_sale_price,homes_sold
0,14352,"Macroom, Cork",2018-04-01,2018-04-30,30,345500.0,732.0
1,20404,"Wexford Town, Wexford",2020-12-01,2020-12-31,30,527250.0,756.0
2,36859,"Ennis, Clare",2020-10-01,2020-10-31,30,1620000.0,280.0
3,49851,"Tralee, Kerry",2020-05-01,2020-05-31,30,605000.0,339.0
4,55535,"Tralee, Kerry",2019-10-01,2019-10-31,30,615000.0,787.0
5,71347,"Wexford Town, Wexford",2020-07-01,2020-07-31,30,525000.0,1000.0
6,74623,"Macroom, Cork",2018-09-01,2018-09-30,30,335000.0,631.0
7,79475,"Longford Town, Longford",2018-02-01,2018-02-28,30,211996.0,604.0
8,83890,"Sligo Town, Sligo",2020-02-01,2020-02-29,30,642350.0,42.0
9,98514,"Macroom, Cork",2018-08-01,2018-08-31,30,344000.0,779.0
10,109145,"Tralee, Kerry",2019-12-01,2019-12-31,30,599999.0,765.0
11,120772,"Sligo Town, Sligo",2018-07-01,2018-07-31,30,617500.0,117.0
12,138837,"Longford Town, Longford",2018-07-01,2018-07-31,30,257250.0,1002.0
13,156405,"Macroom, Cork",2019-11-01,2019-11-30,30,365000.0,597.0
14,165396,"Sligo Town, Sligo",2021-06-01,2021-06-30,30,820000.0,115.0
15,176229,"Sligo Town, Sligo",2019-06-01,2019-06-30,30,660000.0,125.0
16,180629,"Tipperary Town, Tipperary",2019-06-01,2019-06-30,30,800000.0,650.0
17,189571,"Letterkenny, Donegal",2020-09-01,2020-09-30,30,460000.0,1197.0
18,199027,"Edenderry, Offaly",2018-11-01,2018-11-30,30,765000.0,1277.0
19,199801,"Ennis, Clare",2021-02-01,2021-02-28,30,1550000.0,151.0
20,205818,"Tipperary Town, Tipperary",2018-05-01,2018-05-31,30,835000.0,652.0
21,215976,"Tralee, Kerry",2020-01-01,2020-01-31,30,600000.0,708.0
22,220004,"Wexford Town, Wexford",2018-03-01,2018-03-31,30,459000.0,787.0
23,233654,"Tipperary Town, Tipperary",2020-08-01,2020-08-31,30,897000.0,716.0
24,233841,"Edenderry, Offaly",2021-08-01,2021-08-31,30,1111500.0,1654.0
25,237733,"Sligo Town, Sligo",2020-01-01,2020-01-31,30,635000.0,47.0
26,244317,"Tipperary Town, Tipperary",2021-08-01,2021-08-31,30,952000.0,680.0
27,249340,"Sligo Town, Sligo",2021-04-01,2021-04-30,30,755000.0,71.0
28,257167,"Tralee, Kerry",2021-08-01,2021-08-31,30,685000.0,1053.0
29,258113,"Edenderry, Offaly",2018-05-01,2018-05-31,30,769000.0,1613.0
30,259036,"Ennis, Clare",2020-01-01,2020-01-31,30,1460000.0,94.0
31,275696,"Macroom, Cork",2021-04-01,2021-04-30,30,501250.0,831.0
32,276609,"Tipperary Town, Tipperary",2021-07-01,2021-07-31,30,975000.0,820.0
33,298886,"Tipperary Town, Tipperary",2019-11-01,2019-11-30,30,790000.0,497.0
34,301237,"Letterkenny, Donegal",2020-08-01,2020-08-31,30,475000.0,1242.0
35,303970,"Sligo Town, Sligo",2019-04-01,2019-04-30,30,697310.5,52.0
36,305521,"Sligo Town, Sligo",2019-12-01,2019-12-31,30,625000.0,92.0
37,309054,"Longford Town, Longford",2020-11-01,2020-11-30,30,272800.0,919.0
38,312599,"Longford Town, Longford",2019-08-01,2019-08-31,30,250000.0,966.0
39,312942,"Tralee, Kerry",2021-09-01,2021-09-30,30,700000.0,845.0
40,320112,"Waterford City, Waterford",2019-10-01,2019-10-31,30,325000.0,517.0
41,322147,"Longford Town, Longford",2018-09-01,2018-09-30,30,244000.0,811.0
42,324883,"Tipperary Town, Tipperary",2019-02-01,2019-02-28,30,735000.0,375.0
43,333940,"Tralee, Kerry",2020-07-01,2020-07-31,30,610000.0,460.0
44,345224,"Sligo Town, Sligo",2018-06-01,2018-06-30,30,676250.0,142.0
45,346277,"Longford Town, Longford",2019-02-01,2019-02-28,30,225000.0,549.0
46,355913,"Sligo Town, Sligo",2020-10-01,2020-10-31,30,765000.0,97.0
47,358754,"Edenderry, Offaly",2020-07-01,2020-07-31,30,935000.0,1539.0
48,366778,"Edenderry, Offaly",2019-03-01,2019-03-31,30,795000.0,1239.0
49,368811,"Ennis, Clare",2018-04-01,2018-04-30,30,1650000.0,186.0
50,376020,"Longford Town, Longford",2018-04-01,2018-04-30,30,247000.0,967.0
51,383178,"Waterford City, Waterford",2018-11-01,2018-11-30,30,324500.0,434.0
52,385071,"Wexford Town, Wexford",2021-06-01,2021-06-30,30,640000.0,935.0
53,386560,"Tipperary Town, Tipperary",2019-03-01,2019-03-31,30,767000.0,387.0
54,406918,"Tipperary Town, Tipperary",2018-11-01,2018-11-30,30,759000.0,437.0
55,407944,"Waterford City, Waterford",2018-06-01,2018-06-30,30,334250.0,664.0
56,412701,"Wexford Town, Wexford",2021-12-01,2021-12-31,30,615250.0,648.0
57,413379,"Letterkenny, Donegal",2021-05-01,2021-05-31,30,636094.5,1122.0
58,424298,"Macroom, Cork",2020-02-01,2020-02-29,30,320000.0,635.0
59,434351,"Sligo Town, Sligo",2018-09-01,2018-09-30,30,560000.0,78.0
60,450794,"Macroom, Cork",2021-07-01,2021-07-31,30,515000.0,806.0
61,458188,"Sligo Town, Sligo",2019-03-01,2019-03-31,30,630000.0,57.0
62,483705,"Waterford City, Waterford",2018-01-01,2018-01-31,30,285000.0,336.0
63,491773,"Wexford Town, Wexford",2019-08-01,2019-08-31,30,481250.0,876.0
64,505664,"Letterkenny, Donegal",2018-05-01,2018-05-31,30,396500.0,1329.0
65,518993,"Macroom, Cork",2021-03-01,2021-03-31,30,439900.0,835.0
66,529674,"Letterkenny, Donegal",2021-01-01,2021-01-31,30,515000.0,687.0
67,532499,"Ennis, Clare",2018-03-01,2018-03-31,30,1670000.0,198.0
68,534177,"Tipperary Town, Tipperary",2019-12-01,2019-12-31,30,749950.0,476.0
69,535138,"Edenderry, Offaly",2019-08-01,2019-08-31,30,810000.0,1600.0
70,541224,"Ennis, Clare",2018-09-01,2018-09-30,30,1500000.0,140.0
71,546385,"Tipperary Town, Tipperary",2021-03-01,2021-03-31,30,930000.0,588.0
72,555956,"Tralee, Kerry",2020-03-01,2020-03-31,30,626500.0,542.0
73,558993,"Ennis, Clare",2018-07-01,2018-07-31,30,1617500.0,186.0
74,565088,"Sligo Town, Sligo",2020-11-01,2020-11-30,30,667000.0,74.0
75,579588,"Macroom, Cork",2018-07-01,2018-07-31,30,351000.0,738.0
76,588716,"Edenderry, Offaly",2019-10-01,2019-10-31,30,825000.0,1519.0
77,596362,"Sligo Town, Sligo",2019-09-01,2019-09-30,30,599000.0,63.0
78,596814,"Wexford Town, Wexford",2018-02-01,2018-02-28,30,455000.0,597.0
79,602099,"Longford Town, Longford",2018-11-01,2018-11-30,30,227000.0,812.0
80,622135,"Ennis, Clare",2019-09-01,2019-09-30,30,1528500.0,128.0
81,641459,"Tipperary Town, Tipperary",2020-03-01,2020-03-31,30,874000.0,466.0
82,647356,"Edenderry, Offaly",2021-10-01,2021-10-31,30,1065000.0,1645.0
83,648230,"Edenderry, Offaly",2019-05-01,2019-05-31,30,787750.0,1577.0
84,650223,"Longford Town, Longford",2020-12-01,2020-12-31,30,280000.0,975.0
85,673761,"Waterford City, Waterford",2019-11-01,2019-11-30,30,335000.0,424.0
86,678758,"Tralee, Kerry",2018-07-01,2018-07-31,30,599000.0,773.0
87,692395,"Tralee, Kerry",2019-08-01,2019-08-31,30,608750.0,802.0
88,693456,"Ennis, Clare",2019-11-01,2019-11-30,30,1600000.0,203.0
89,704992,"Letterkenny, Donegal",2018-02-01,2018-02-28,30,372000.0,749.0
90,715180,"Ennis, Clare",2019-07-01,2019-07-31,30,1575500.0,208.0
91,716464,"Longford Town, Longford",2020-08-01,2020-08-31,30,306000.0,1091.0
92,717081,"Sligo Town, Sligo",2018-04-01,2018-04-30,30,575000.0,57.0
93,718085,"Letterkenny, Donegal",2018-09-01,2018-09-30,30,375000.0,878.0
94,726123,"Waterford City, Waterford",2020-02-01,2020-02-29,30,336000.0,400.0
95,733466,"Tipperary Town, Tipperary",2021-12-01,2021-12-31,30,925000.0,445.0
96,740119,"Tipperary Town, Tipperary",2020-07-01,2020-07-31,30,860500.0,706.0
97,740571,"Ennis, Clare",2020-06-01,2020-06-30,30,1807500.0,160.0
98,741617,"Letterkenny, Donegal",2021-08-01,2021-08-31,30,601805.0,1130.0
99,742251,"Wexford Town, Wexford",2018-12-01,2018-12-31,30,425000.0,582.0
100,749340,"Tipperary Town, Tipperary",2018-01-01,2018-01-31,30,766000.0,311.0
101,756009,"Macroom, Cork",2019-09-01,2019-09-30,30,349850.0,684.0
102,757751,"Sligo Town, Sligo",2019-05-01,2019-05-31,30,665000.0,101.0
103,773023,"Longford Town, Longford",2018-03-01,2018-03-31,30,232000.0,815.0
104,778006,"Letterkenny, Donegal",2020-06-01,2020-06-30,30,450250.0,1211.0
105,800371,"Ennis, Clare",2021-04-01,2021-04-30,30,1785000.0,265.0
106,801589,"Edenderry, Offaly",2021-04-01,2021-04-30,30,1100000.0,1795.0
107,801854,"Edenderry, Offaly",2018-07-01,2018-07-31,30,763500.0,1571.0
108,803414,"Wexford Town, Wexford",2020-04-01,2020-04-30,30,500000.0,517.0
109,805921,"Edenderry, Offaly",2021-11-01,2021-11-30,30,1060000.0,1617.0
110,816748,"Macroom, Cork",2020-03-01,2020-03-31,30,390000.0,705.0
111,823100,"Wexford Town, Wexford",2020-06-01,2020-06-30,30,500000.0,883.0
112,827514,"Tralee, Kerry",2020-12-01,2020-12-31,30,642500.0,1042.0
113,842015,"Longford Town, Longford",2019-05-01,2019-05-31,30,265000.0,1029.0
114,842985,"Letterkenny, Donegal",2021-10-01,2021-10-31,30,580000.0,890.0
115,848487,"Tipperary Town, Tipperary",2019-04-01,2019-04-30,30,810000.0,591.0
116,848876,"Longford Town, Longford",2020-10-01,2020-10-31,30,285000.0,1093.0
117,856087,"Tipperary Town, Tipperary",2019-01-01,2019-01-31,30,720000.0,279.0
118,856682,"Longford Town, Longford",2019-09-01,2019-09-30,30,240000.0,809.0
119,861000,"Macroom, Cork",2021-08-01,2021-08-31,30,455000.0,715.0
120,881948,"Waterford City, Waterford",2018-08-01,2018-08-31,30,295500.0,590.0
121,901801,"Waterford City, Waterford",2018-07-01,2018-07-31,30,318000.0,609.0
122,920727,"Tipperary Town, Tipperary",2018-06-01,2018-06-30,30,802000.0,649.0
123,942441,"Letterkenny, Donegal",2021-04-01,2021-04-30,30,630000.0,1064.0
124,956668,"Macroom, Cork",2021-11-01,2021-11-30,30,506500.0,644.0
125,957816,"Wexford Town, Wexford",2018-05-01,2018-05-31,30,485000.0,987.0
126,962740,"Sligo Town, Sligo",2018-08-01,2018-08-31,30,645988.5,112.0
127,975332,"Tralee, Kerry",2021-04-01,2021-04-30,30,680000.0,818.0
128,979934,"Longford Town, Longford",2020-07-01,2020-07-31,30,290000.0,1006.0
129,982911,"Ennis, Clare",2020-09-01,2020-09-30,30,1650000.0,217.0
130,987004,"Macroom, Cork",2019-08-01,2019-08-31,30,333500.0,783.0
131,1003835,"Tralee, Kerry",2019-07-01,2019-07-31,30,615000.0,721.0
132,1010143,"Wexford Town, Wexford",2021-07-01,2021-07-31,30,630000.0,875.0
133,1014523,"Ennis, Clare",2020-02-01,2020-02-29,30,1590000.0,111.0
134,1017676,"Ennis, Clare",2019-12-01,2019-12-31,30,1420000.0,175.0
135,1025480,"Tipperary Town, Tipperary",2021-10-01,2021-10-31,30,920000.0,678.0
136,1049575,"Tralee, Kerry",2020-06-01,2020-06-30,30,620000.0,486.0
137,1079489,"Macroom, Cork",2019-02-01,2019-02-28,30,278000.0,497.0
138,1083039,"Longford Town, Longford",2018-12-01,2018-12-31,30,215500.0,765.0
139,1093084,"Letterkenny, Donegal",2019-03-01,2019-03-31,30,385000.0,959.0
140,1094571,"Ennis, Clare",2021-06-01,2021-06-30,30,1910000.0,294.0
141,1098192,"Edenderry, Offaly",2020-01-01,2020-01-31,30,827000.0,1088.0
142,1111465,"Letterkenny, Donegal",2020-01-01,2020-01-31,30,404000.0,600.0
143,1111730,"Longford Town, Longford",2019-04-01,2019-04-30,30,250000.0,871.0
144,1135634,"Wexford Town, Wexford",2020-10-01,2020-10-31,30,560000.0,931.0
145,1135980,"Tipperary Town, Tipperary",2020-05-01,2020-05-31,30,800000.0,436.0
146,1139653,"Tralee, Kerry",2021-10-01,2021-10-31,30,694000.0,929.0
147,1140657,"Tralee, Kerry",2020-09-01,2020-09-30,30,623500.0,660.0
148,1159904,"Tralee, Kerry",2018-08-01,2018-08-31,30,595000.0,805.0
149,1169246,"Ennis, Clare",2020-04-01,2020-04-30,30,1675000.0,102.0
150,1169667,"Wexford Town, Wexford",2018-08-01,2018-08-31,30,460000.0,923.0
151,1181508,"Edenderry, Offaly",2020-02-01,2020-02-29,30,825000.0,1026.0
152,1185681,"Wexford Town, Wexford",2019-06-01,2019-06-30,30,490000.0,961.0
153,1204045,"Wexford Town, Wexford",2018-10-01,2018-10-31,30,465000.0,749.0
154,1205205,"Letterkenny, Donegal",2020-04-01,2020-04-30,30,450000.0,782.0
155,1208866,"Sligo Town, Sligo",2020-12-01,2020-12-31,30,692750.0,110.0
156,1209008,"Tipperary Town, Tipperary",2020-01-01,2020-01-31,30,772500.0,304.0
157,1218076,"Ennis, Clare",2020-07-01,2020-07-31,30,1653750.0,209.0
158,1234031,"Letterkenny, Donegal",2021-02-01,2021-02-28,30,552000.0,659.0
159,1245800,"Waterford City, Waterford",2021-08-01,2021-08-31,30,433750.0,526.0
160,1261277,"Letterkenny, Donegal",2018-01-01,2018-01-31,30,352500.0,615.0
161,1267504,"Ennis, Clare",2019-04-01,2019-04-30,30,1615000.0,221.0
162,1270166,"Tipperary Town, Tipperary",2021-09-01,2021-09-30,30,909000.0,630.0
163,1270987,"Edenderry, Offaly",2018-08-01,2018-08-31,30,799000.0,1702.0
164,1281256,"Tralee, Kerry",2018-01-01,2018-01-31,30,569000.0,685.0
165,1282509,"Waterford City, Waterford",2021-12-01,2021-12-31,30,440000.0,458.0
166,1304951,"Sligo Town, Sligo",2021-01-01,2021-01-31,30,694000.0,77.0
167,1312664,"Tralee, Kerry",2019-11-01,2019-11-30,30,619000.0,669.0
168,1325874,"Waterford City, Waterford",2020-06-01,2020-06-30,30,340000.0,530.0
169,1326283,"Edenderry, Offaly",2021-03-01,2021-03-31,30,1087000.0,1779.0
170,1326788,"Tipperary Town, Tipperary",2020-02-01,2020-02-29,30,759000.0,311.0
171,1330008,"Edenderry, Offaly",2020-09-01,2020-09-30,30,1000500.0,1687.0
172,1341364,"Tralee, Kerry",2018-06-01,2018-06-30,30,588000.0,713.0
173,1342587,"Letterkenny, Donegal",2020-03-01,2020-03-31,30,437500.0,959.0
174,1347723,"Edenderry, Offaly",2021-05-01,2021-05-31,30,1080000.0,1751.0
175,1355971,"Wexford Town, Wexford",2020-08-01,2020-08-31,30,525000.0,821.0
176,1361904,"Letterkenny, Donegal",2018-03-01,2018-03-31,30,380000.0,1037.0
177,1380801,"Tralee, Kerry",2018-05-01,2018-05-31,30,571000.0,674.0
178,1388125,"Edenderry, Offaly",2020-05-01,2020-05-31,30,825500.0,764.0
179,1390694,"Longford Town, Longford",2018-05-01,2018-05-31,30,255000.0,1088.0
180,1392871,"Waterford City, Waterford",2020-09-01,2020-09-30,30,383000.0,541.0
181,1399329,"Macroom, Cork",2018-11-01,2018-11-30,30,361500.0,601.0
182,1403915,"Tralee, Kerry",2018-04-01,2018-04-30,30,568000.0,630.0
183,1409782,"Wexford Town, Wexford",2021-01-01,2021-01-31,30,500000.0,485.0
184,1409849,"Tipperary Town, Tipperary",2018-03-01,2018-03-31,30,815000.0,480.0
185,1413634,"Longford Town, Longford",2018-10-01,2018-10-31,30,233000.0,875.0
186,1418896,"Ennis, Clare",2020-12-01,2020-12-31,30,1579000.0,267.0
187,1428755,"Letterkenny, Donegal",2019-07-01,2019-07-31,30,424900.0,1207.0
188,1439706,"Edenderry, Offaly",2021-12-01,2021-12-31,30,1125000.0,1703.0
189,1465498,"Sligo Town, Sligo",2019-01-01,2019-01-31,30,625000.0,53.0
190,1468402,"Tipperary Town, Tipperary",2018-07-01,2018-07-31,30,806350.0,640.0
191,1470777,"Sligo Town, Sligo",2019-10-01,2019-10-31,30,659500.0,74.0
192,1476506,"Letterkenny, Donegal",2019-06-01,2019-06-30,30,425000.0,1248.0
193,1489935,"Macroom, Cork",2018-05-01,2018-05-31,30,355000.0,900.0
194,1491788,"Ennis, Clare",2021-01-01,2021-01-31,30,1525750.0,152.0
195,1499565,"Tipperary Town, Tipperary",2020-12-01,2020-12-31,30,824714.0,586.0
196,1547181,"Tipperary Town, Tipperary",2021-05-01,2021-05-31,30,1002000.0,753.0
197,1548955,"Sligo Town, Sligo",2021-08-01,2021-08-31,30,811500.0,118.0
198,1549269,"Edenderry, Offaly",2018-09-01,2018-09-30,30,750000.0,1257.0
199,1561131,"Tralee, Kerry",2020-08-01,2020-08-31,30,599000.0,459.0
200,1564880,"Sligo Town, Sligo",2020-08-01,2020-08-31,30,699000.0,91.0
201,1569109,"Tralee, Kerry",2020-04-01,2020-04-30,30,619500.0,320.0
202,1582578,"Waterford City, Waterford",2019-09-01,2019-09-30,30,320870.0,419.0
203,1583588,"Edenderry, Offaly",2021-07-01,2021-07-31,30,1140000.0,1766.0
204,1595814,"Letterkenny, Donegal",2019-11-01,2019-11-30,30,409900.0,841.0
205,1595929,"Wexford Town, Wexford",2019-01-01,2019-01-31,30,410000.0,483.0
206,1598329,"Longford Town, Longford",2021-05-01,2021-05-31,30,345000.0,985.0
207,1602460,"Longford Town, Longford",2021-03-01,2021-03-31,30,315000.0,904.0
208,1612261,"Ennis, Clare",2020-08-01,2020-08-31,30,1656000.0,208.0
209,1614573,"Edenderry, Offaly",2020-06-01,2020-06-30,30,835000.0,1122.0
210,1625558,"Longford Town, Longford",2019-11-01,2019-11-30,30,238250.0,718.0
211,1633806,"Sligo Town, Sligo",2018-01-01,2018-01-31,30,574000.0,72.0
212,1643970,"Waterford City, Waterford",2021-11-01,2021-11-30,30,438500.0,465.0
213,1648400,"Sligo Town, Sligo",2020-03-01,2020-03-31,30,655000.0,49.0
214,1654872,"Tralee, Kerry",2021-02-01,2021-02-28,30,639000.0,747.0
215,1655118,"Wexford Town, Wexford",2020-02-01,2020-02-29,30,475000.0,513.0
216,1655860,"Tralee, Kerry",2019-01-01,2019-01-31,30,585496.5,632.0
217,1656810,"Edenderry, Offaly",2019-12-01,2019-12-31,30,815000.0,1404.0
218,1671202,"Edenderry, Offaly",2019-04-01,2019-04-30,30,791000.0,1533.0
219,1676008,"Sligo Town, Sligo",2021-02-01,2021-02-28,30,612925.0,45.0
220,1715273,"Letterkenny, Donegal",2019-01-01,2019-01-31,30,357500.0,600.0
221,1735056,"Tipperary Town, Tipperary",2019-10-01,2019-10-31,30,785000.0,559.0
222,1736346,"Macroom, Cork",2020-12-01,2020-12-31,30,400000.0,843.0
223,1739617,"Waterford City, Waterford",2019-02-01,2019-02-28,30,305500.0,376.0
224,1742933,"Longford Town, Longford",2019-07-01,2019-07-31,30,268000.0,1024.0
225,1747714,"Wexford Town, Wexford",2019-05-01,2019-05-31,30,495000.0,1007.0
226,1758831,"Macroom, Cork",2018-12-01,2018-12-31,30,325000.0,563.0
227,1762179,"Sligo Town, Sligo",2019-02-01,2019-02-28,30,592000.0,55.0
228,1772320,"Waterford City, Waterford",2021-09-01,2021-09-30,30,428000.0,461.0
229,1772904,"Macroom, Cork",2021-05-01,2021-05-31,30,525000.0,873.0
230,1774367,"Wexford Town, Wexford",2018-01-01,2018-01-31,30,435000.0,523.0
231,1788835,"Wexford Town, Wexford",2021-08-01,2021-08-31,30,610000.0,848.0
232,1789464,"Tralee, Kerry",2018-12-01,2018-12-31,30,599450.0,684.0
233,1799848,"Macroom, Cork",2018-01-01,2018-01-31,30,264250.0,493.0
234,1827009,"Edenderry, Offaly",2019-02-01,2019-02-28,30,730000.0,909.0
235,1835561,"Tipperary Town, Tipperary",2019-08-01,2019-08-31,30,770000.0,619.0
236,1856285,"Longford Town, Longford",2021-06-01,2021-06-30,30,346750.0,1200.0
237,1868233,"Letterkenny, Donegal",2021-09-01,2021-09-30,30,588000.0,1064.0
238,1871049,"Tipperary Town, Tipperary",2021-04-01,2021-04-30,30,952500.0,728.0
239,1898935,"Longford Town, Longford",2019-03-01,2019-03-31,30,233750.0,754.0
240,1902575,"Ennis, Clare",2021-10-01,2021-10-31,30,1800000.0,301.0
241,1905013,"Longford Town, Longford",2021-01-01,2021-01-31,30,275000.0,678.0
242,1918296,"Macroom, Cork",2018-06-01,2018-06-30,30,376500.0,891.0
243,1919910,"Wexford Town, Wexford",2019-09-01,2019-09-30,30,465250.0,800.0
244,1935122,"Letterkenny, Donegal",2021-12-01,2021-12-31,30,599000.0,945.0
245,1936697,"Tipperary Town, Tipperary",2018-08-01,2018-08-31,30,757250.0,570.0
246,1945804,"Tralee, Kerry",2021-01-01,2021-01-31,30,640000.0,847.0
247,1956218,"Tralee, Kerry",2021-05-01,2021-05-31,30,675000.0,787.0
248,1963359,"Wexford Town, Wexford",2020-01-01,2020-01-31,30,447000.0,472.0
249,1965796,"Tipperary Town, Tipperary",2021-06-01,2021-06-30,30,978250.0,889.0
250,1982959,"Macroom, Cork",2019-10-01,2019-10-31,30,320750.0,726.0
251,1998192,"Longford Town, Longford",2018-01-01,2018-01-31,30,206500.0,670.0
252,2009267,"Ennis, Clare",2018-10-01,2018-10-31,30,1600000.0,243.0
253,2037323,"Waterford City, Waterford",2020-04-01,2020-04-30,30,360000.0,449.0
254,2041720,"Tipperary Town, Tipperary",2018-04-01,2018-04-30,30,835000.0,568.0
255,2043830,"Letterkenny, Donegal",2018-11-01,2018-11-30,30,377000.0,793.0
256,2044819,"Letterkenny, Donegal",2019-05-01,2019-05-31,30,427000.0,1326.0
257,2055535,"Ennis, Clare",2019-08-01,2019-08-31,30,1570000.0,162.0
258,2061092,"Ennis, Clare",2021-09-01,2021-09-30,30,1750000.0,233.0
259,2073498,"Letterkenny, Donegal",2019-04-01,2019-04-30,30,410000.0,1106.0
260,2089211,"Waterford City, Waterford",2018-03-01,2018-03-31,30,318000.0,483.0
261,2095413,"Tralee, Kerry",2021-03-01,2021-03-31,30,644000.0,926.0
262,2103135,"Edenderry, Offaly",2019-06-01,2019-06-30,30,835000.0,1511.0
263,2112665,"Ennis, Clare",2019-03-01,2019-03-31,30,1650000.0,170.0
264,2134353,"Edenderry, Offaly",2020-11-01,2020-11-30,30,959000.0,1530.0
265,2137611,"Tipperary Town, Tipperary",2019-07-01,2019-07-31,30,775000.0,660.0
266,2140850,"Edenderry, Offaly",2018-10-01,2018-10-31,30,750000.0,1477.0
267,2149185,"Tipperary Town, Tipperary",2018-09-01,2018-09-30,30,775000.0,433.0
268,2154146,"Longford Town, Longford",2018-06-01,2018-06-30,30,261000.0,1089.0
269,2159266,"Letterkenny, Donegal",2020-02-01,2020-02-29,30,420000.0,817.0
270,2160457,"Tralee, Kerry",2020-02-01,2020-02-29,30,599450.0,550.0
271,2190261,"Macroom, Cork",2020-06-01,2020-06-30,30,398900.0,765.0
272,2191043,"Sligo Town, Sligo",2018-03-01,2018-03-31,30,582500.0,50.0
273,2197757,"Waterford City, Waterford",2019-01-01,2019-01-31,30,310000.0,289.0
274,2199715,"Ennis, Clare",2021-07-01,2021-07-31,30,1850000.0,236.0
275,2202382,"Tralee, Kerry",2021-07-01,2021-07-31,30,680000.0,941.0
276,2211998,"Edenderry, Offaly",2018-01-01,2018-01-31,30,689000.0,1089.0
277,2226899,"Edenderry, Offaly",2020-04-01,2020-04-30,30,800250.0,810.0
278,2233459,"Waterford City, Waterford",2021-02-01,2021-02-28,30,370000.0,343.0
279,2233934,"Longford Town, Longford",2019-10-01,2019-10-31,30,238000.0,898.0
280,2246577,"Macroom, Cork",2019-07-01,2019-07-31,30,365000.0,822.0
281,2267520,"Waterford City, Waterford",2021-05-01,2021-05-31,30,430000.0,549.0
282,2269560,"Longford Town, Longford",2020-05-01,2020-05-31,30,255000.0,690.0
283,2279799,"Edenderry, Offaly",2021-09-01,2021-09-30,30,1068000.0,1671.0
284,2280647,"Wexford Town, Wexford",2019-12-01,2019-12-31,30,450000.0,762.0
285,2295091,"Sligo Town, Sligo",2020-04-01,2020-04-30,30,655000.0,45.0
286,2304441,"Waterford City, Waterford",2018-05-01,2018-05-31,30,318000.0,613.0
287,2320263,"Sligo Town, Sligo",2018-05-01,2018-05-31,30,660000.0,83.0
288,2325043,"Macroom, Cork",2021-01-01,2021-01-31,30,384000.0,543.0
289,2334799,"Tipperary Town, Tipperary",2020-09-01,2020-09-30,30,840000.0,767.0
290,2353811,"Waterford City, Waterford",2021-03-01,2021-03-31,30,380000.0,479.0
291,2355804,"Tralee, Kerry",2020-10-01,2020-10-31,30,630000.0,892.0
292,2367777,"Tipperary Town, Tipperary",2020-04-01,2020-04-30,30,870000.0,423.0
293,2373078,"Waterford City, Waterford",2018-09-01,2018-09-30,30,310000.0,409.0
294,2379172,"Edenderry, Offaly",2018-04-01,2018-04-30,30,775000.0,1473.0
295,2387322,"Ennis, Clare",2019-01-01,2019-01-31,30,1325000.0,97.0
296,2395716,"Tipperary Town, Tipperary",2018-12-01,2018-12-31,30,722500.0,390.0
297,2411351,"Ennis, Clare",2018-05-01,2018-05-31,30,1602000.0,241.0
298,2430539,"Longford Town, Longford",2021-02-01,2021-02-28,30,275000.0,589.0
299,2439904,"Longford Town, Longford",2020-03-01,2020-03-31,30,260000.0,726.0
300,2441050,"Waterford City, Waterford",2021-10-01,2021-10-31,30,430000.0,505.0
301,2466172,"Tralee, Kerry",2021-12-01,2021-12-31,30,680000.0,870.0
302,2481154,"Letterkenny, Donegal",2021-06-01,2021-06-30,30,650000.0,1230.0
303,2486616,"Waterford City, Waterford",2019-07-01,2019-07-31,30,340000.0,573.0
304,2488032,"Wexford Town, Wexford",2020-11-01,2020-11-30,30,554500.0,797.0
305,2500862,"Macroom, Cork",2020-01-01,2020-01-31,30,315000.0,530.0
306,2503573,"Longford Town, Longford",2019-06-01,2019-06-30,30,280000.0,987.0
307,2505097,"Wexford Town, Wexford",2021-11-01,2021-11-30,30,601550.0,765.0
308,2509394,"Longford Town, Longford",2021-11-01,2021-11-30,30,314000.0,942.0
309,2524163,"Sligo Town, Sligo",2021-12-01,2021-12-31,30,730000.0,115.0
310,2532100,"Sligo Town, Sligo",2019-11-01,2019-11-30,30,599950.0,80.0
311,2549517,"Ennis, Clare",2020-11-01,2020-11-30,30,1650000.0,260.0
312,2550474,"Ennis, Clare",2021-08-01,2021-08-31,30,1825000.0,239.0
313,2553216,"Macroom, Cork",2021-06-01,2021-06-30,30,560000.0,886.0
314,2558991,"Letterkenny, Donegal",2018-08-01,2018-08-31,30,399000.0,1165.0
315,2567211,"Macroom, Cork",2018-02-01,2018-02-28,30,280000.0,528.0
316,2567603,"Edenderry, Offaly",2021-06-01,2021-06-30,30,1182500.0,1922.0
317,2576721,"Wexford Town, Wexford",2021-04-01,2021-04-30,30,625000.0,834.0
318,2577021,"Tipperary Town, Tipperary",2020-11-01,2020-11-30,30,849000.0,620.0
319,2578308,"Tralee, Kerry",2018-02-01,2018-02-28,30,579000.0,541.0
320,2585115,"Wexford Town, Wexford",2018-04-01,2018-04-30,30,495500.0,834.0
321,2590216,"Wexford Town, Wexford",2021-02-01,2021-02-28,30,568200.0,576.0
322,2591347,"Edenderry, Offaly",2020-03-01,2020-03-31,30,871000.0,1209.0
323,2615725,"Tralee, Kerry",2019-04-01,2019-04-30,30,585000.0,610.0
324,2618618,"Wexford Town, Wexford",2018-06-01,2018-06-30,30,480000.0,978.0
325,2630453,"Waterford City, Waterford",2020-12-01,2020-12-31,30,368000.0,550.0
326,2632367,"Letterkenny, Donegal",2018-07-01,2018-07-31,30,405000.0,1259.0
327,2642526,"Ennis, Clare",2018-12-01,2018-12-31,30,1485000.0,155.0
328,2645890,"Ennis, Clare",2018-11-01,2018-11-30,30,1423000.0,220.0
329,2649303,"Waterford City, Waterford",2021-01-01,2021-01-31,30,372500.0,355.0
330,2650889,"Wexford Town, Wexford",2019-03-01,2019-03-31,30,465000.0,794.0
331,2654809,"Macroom, Cork",2020-08-01,2020-08-31,30,410000.0,847.0
332,2657052,"Sligo Town, Sligo",2018-02-01,2018-02-28,30,540000.0,29.0
333,2669319,"Waterford City, Waterford",2020-11-01,2020-11-30,30,374000.0,493.0
334,2674850,"Wexford Town, Wexford",2020-09-01,2020-09-30,30,533500.0,890.0
335,2676256,"Tralee, Kerry",2018-03-01,2018-03-31,30,560500.0,617.0
336,2678210,"Tipperary Town, Tipperary",2021-11-01,2021-11-30,30,899475.0,590.0
337,2679494,"Letterkenny, Donegal",2020-10-01,2020-10-31,30,480000.0,1185.0
338,2690473,"Wexford Town, Wexford",2020-05-01,2020-05-31,30,500000.0,467.0
339,2692851,"Waterford City, Waterford",2020-05-01,2020-05-31,30,329000.0,466.0
340,2701085,"Waterford City, Waterford",2020-07-01,2020-07-31,30,350000.0,619.0
341,2701568,"Ennis, Clare",2018-02-01,2018-02-28,30,1700000.0,105.0
342,2707916,"Tipperary Town, Tipperary",2018-10-01,2018-10-31,30,760000.0,523.0
343,2711058,"Letterkenny, Donegal",2020-12-01,2020-12-31,30,509000.0,1126.0
344,2711539,"Letterkenny, Donegal",2018-06-01,2018-06-30,30,400000.0,1326.0
345,2715311,"Tralee, Kerry",2018-11-01,2018-11-30,30,585000.0,688.0
346,2722431,"Edenderry, Offaly",2019-07-01,2019-07-31,30,820000.0,1594.0
347,2731700,"Tipperary Town, Tipperary",2020-10-01,2020-10-31,30,840500.0,792.0
348,2743076,"Wexford Town, Wexford",2019-11-01,2019-11-30,30,465000.0,717.0
349,2747153,"Macroom, Cork",2020-05-01,2020-05-31,30,373000.0,568.0
350,2750743,"Longford Town, Longford",2021-07-01,2021-07-31,30,335000.0,988.0
351,2757928,"Edenderry, Offaly",2021-01-01,2021-01-31,30,950000.0,1285.0
352,2764620,"Macroom, Cork",2020-09-01,2020-09-30,30,427000.0,857.0
353,2766531,"Macroom, Cork",2019-06-01,2019-06-30,30,399000.0,761.0
354,2774977,"Tipperary Town, Tipperary",2018-02-01,2018-02-28,30,765777.0,362.0
355,2789468,"Edenderry, Offaly",2018-02-01,2018-02-28,30,758000.0,1066.0
356,2796163,"Letterkenny, Donegal",2019-08-01,2019-08-31,30,410000.0,1181.0
357,2808911,"Tralee, Kerry",2019-06-01,2019-06-30,30,625000.0,711.0
358,2814798,"Longford Town, Longford",2020-09-01,2020-09-30,30,300000.0,1072.0
359,2827578,"Tipperary Town, Tipperary",2019-09-01,2019-09-30,30,775000.0,488.0
360,2827857,"Macroom, Cork",2019-01-01,2019-01-31,30,286000.0,428.0
361,2828298,"Longford Town, Longford",2021-10-01,2021-10-31,30,290000.0,969.0
362,2828363,"Macroom, Cork",2021-10-01,2021-10-31,30,495700.0,690.0
363,2834313,"Edenderry, Offaly",2020-12-01,2020-12-31,30,960000.0,1808.0
364,2834615,"Ennis, Clare",2021-12-01,2021-12-31,30,1700000.0,190.0
365,2846241,"Waterford City, Waterford",2019-04-01,2019-04-30,30,320000.0,558.0
366,2848772,"Edenderry, Offaly",2018-12-01,2018-12-31,30,745000.0,1232.0
367,2855731,"Macroom, Cork",2020-11-01,2020-11-30,30,447000.0,684.0
368,2856935,"Letterkenny, Donegal",2020-07-01,2020-07-31,30,462000.0,1433.0
369,2871149,"Longford Town, Longford",2020-04-01,2020-04-30,30,289000.0,711.0
370,2875781,"Macroom, Cork",2018-03-01,2018-03-31,30,326000.0,777.0
371,2881686,"Ennis, Clare",2018-06-01,2018-06-30,30,1625000.0,223.0
372,2882203,"Sligo Town, Sligo",2021-07-01,2021-07-31,30,827000.0,140.0
373,2889716,"Letterkenny, Donegal",2018-12-01,2018-12-31,30,385000.0,871.0
374,2890445,"Ennis, Clare",2021-11-01,2021-11-30,30,1850000.0,274.0
375,2891154,"Waterford City, Waterford",2021-04-01,2021-04-30,30,410000.0,525.0
376,2897701,"Ennis, Clare",2019-10-01,2019-10-31,30,1618000.0,246.0
377,2915818,"Wexford Town, Wexford",2019-07-01,2019-07-31,30,491250.0,948.0
378,2920620,"Waterford City, Waterford",2021-07-01,2021-07-31,30,425000.0,532.0
379,2923396,"Sligo Town, Sligo",2020-06-01,2020-06-30,30,718500.0,70.0
380,2926109,"Letterkenny, Donegal",2020-11-01,2020-11-30,30,476875.0,1076.0
381,2944312,"Waterford City, Waterford",2020-03-01,2020-03-31,30,340000.0,503.0
382,2953663,"Waterford City, Waterford",2019-03-01,2019-03-31,30,319495.0,506.0
383,2953731,"Wexford Town, Wexford",2021-03-01,2021-03-31,30,605000.0,766.0
384,2969988,"Sligo Town, Sligo",2020-07-01,2020-07-31,30,715000.0,103.0
385,2975859,"Macroom, Cork",2019-03-01,2019-03-31,30,360000.0,750.0
386,2978503,"Macroom, Cork",2020-10-01,2020-10-31,30,427500.0,791.0
387,2981888,"Longford Town, Longford",2021-09-01,2021-09-30,30,300000.0,971.0
388,2992659,"Tralee, Kerry",2019-09-01,2019-09-30,30,611000.0,698.0
389,3001439,"Ennis, Clare",2021-03-01,2021-03-31,30,1717500.0,248.0
390,3022555,"Macroom, Cork",2020-04-01,2020-04-30,30,425000.0,538.0
391,3022748,"Wexford Town, Wexford",2019-04-01,2019-04-30,30,495750.0,892.0
392,3029828,"Sligo Town, Sligo",2021-05-01,2021-05-31,30,827500.0,98.0
393,3033283,"Letterkenny, Donegal",2019-09-01,2019-09-30,30,410000.0,993.0
394,3037995,"Waterford City, Waterford",2021-06-01,2021-06-30,30,450000.0,647.0
395,3045372,"Longford Town, Longford",2021-12-01,2021-12-31,30,300000.0,980.0
396,3046205,"Tipperary Town, Tipperary",2021-01-01,2021-01-31,30,850000.0,382.0
397,3058479,"Sligo Town, Sligo",2018-12-01,2018-12-31,30,562150.0,71.0
398,3062051,"Longford Town, Longford",2020-02-01,2020-02-29,30,242000.0,586.0
399,3063351,"Sligo Town, Sligo",2018-11-01,2018-11-30,30,630000.0,117.0
400,3064170,"Longford Town, Longford",2018-08-01,2018-08-31,30,250000.0,1064.0
401,3068450,"Macroom, Cork",2021-02-01,2021-02-28,30,420000.0,601.0
402,3081137,"Waterford City, Waterford",2020-01-01,2020-01-31,30,350000.0,329.0
403,3094088,"Tralee, Kerry",2019-05-01,2019-05-31,30,598475.0,658.0
404,3096522,"Sligo Town, Sligo",2020-05-01,2020-05-31,30,677500.0,55.0
405,3106841,"Waterford City, Waterford",2018-04-01,2018-04-30,30,316000.0,533.0
406,3108962,"Waterford City, Waterford",2019-06-01,2019-06-30,30,322000.0,600.0
407,3115930,"Macroom, Cork",2021-12-01,2021-12-31,30,475000.0,641.0
408,3121425,"Waterford City, Waterford",2019-05-01,2019-05-31,30,327500.0,604.0
409,3128475,"Edenderry, Offaly",2020-10-01,2020-10-31,30,985000.0,1781.0
410,3134048,"Letterkenny, Donegal",2018-10-01,2018-10-31,30,385000.0,930.0
411,3136069,"Ennis, Clare",2019-02-01,2019-02-28,30,1500000.0,119.0
412,3143479,"Letterkenny, Donegal",2019-02-01,2019-02-28,30,364069.0,782.0
413,3148908,"Wexford Town, Wexford",2020-03-01,2020-03-31,30,508250.0,674.0
414,3151860,"Tipperary Town, Tipperary",2020-06-01,2020-06-30,30,850000.0,607.0
415,3164151,"Tralee, Kerry",2018-10-01,2018-10-31,30,588000.0,733.0
416,3171853,"Macroom, Cork",2021-09-01,2021-09-30,30,440000.0,716.0
417,3172439,"Sligo Town, Sligo",2021-03-01,2021-03-31,30,758000.0,65.0
418,3172660,"Tralee, Kerry",2019-03-01,2019-03-31,30,572500.0,563.0
419,3178505,"Letterkenny, Donegal",2021-03-01,2021-03-31,30,575000.0,921.0
420,3187647,"Macroom, Cork",2019-04-01,2019-04-30,30,380000.0,817.0
421,3195095,"Macroom, Cork",2019-05-01,2019-05-31,30,379000.0,916.0
422,3199260,"Longford Town, Longford",2019-12-01,2019-12-31,30,235000.0,778.0
423,3200196,"Edenderry, Offaly",2019-11-01,2019-11-30,30,840000.0,1337.0
424,3209514,"Waterford City, Waterford",2018-10-01,2018-10-31,30,318000.0,463.0
425,3211372,"Wexford Town, Wexford",2018-09-01,2018-09-30,30,450000.0,680.0
426,3215136,"Longford Town, Longford",2021-08-01,2021-08-31,30,320000.0,1019.0
427,3217039,"Letterkenny, Donegal",2021-11-01,2021-11-30,30,597500.0,975.0
428,3238743,"Wexford Town, Wexford",2021-05-01,2021-05-31,30,647500.0,775.0
429,3271985,"Sligo Town, Sligo",2021-10-01,2021-10-31,30,699900.0,79.0
430,3280049,"Tralee, Kerry",2021-06-01,2021-06-30,30,673500.0,902.0
431,3288471,"Sligo Town, Sligo",2019-08-01,2019-08-31,30,644500.0,102.0
432,3295014,"Edenderry, Offaly",2020-08-01,2020-08-31,30,965000.0,1516.0
433,3298116,"Sligo Town, Sligo",2021-11-01,2021-11-30,30,796000.0,88.0
434,3308409,"Ennis, Clare",2021-05-01,2021-05-31,30,1842500.0,242.0
435,3309137,"Tralee, Kerry",2021-11-01,2021-11-30,30,690000.0,849.0
436,3313207,"Longford Town, Longford",2020-06-01,2020-06-30,30,286000.0,735.0
437,3319713,"Edenderry, Offaly",2018-03-01,2018-03-31,30,760000.0,1518.0
438,3327819,"Edenderry, Offaly",2021-02-01,2021-02-28,30,980000.0,1313.0
439,3328839,"Edenderry, Offaly",2019-01-01,2019-01-31,30,740000.0,939.0
440,3335071,"Ennis, Clare",2018-01-01,2018-01-31,30,1330000.0,91.0
441,3335473,"Wexford Town, Wexford",2021-09-01,2021-09-30,30,589700.0,706.0
442,3343542,"Longford Town, Longford",2021-04-01,2021-04-30,30,339000.0,917.0
443,3346857,"Macroom, Cork",2018-10-01,2018-10-31,30,325000.0,636.0
444,3351443,"Letterkenny, Donegal",2019-12-01,2019-12-31,30,410000.0,1007.0
445,3355928,"Wexford Town, Wexford",2018-11-01,2018-11-30,30,455000.0,649.0
446,3359118,"Waterford City, Waterford",2020-10-01,2020-10-31,30,371250.0,580.0
447,3359972,"Sligo Town, Sligo",2020-09-01,2020-09-30,30,703500.0,107.0
448,3363226,"Waterford City, Waterford",2020-08-01,2020-08-31,30,385000.0,567.0
449,3363333,"Sligo Town, Sligo",2021-09-01,2021-09-30,30,725000.0,98.0
450,3368129,"Ennis, Clare",2020-05-01,2020-05-31,30,1612000.0,103.0
451,3387926,"Waterford City, Waterford",2018-12-01,2018-12-31,30,327500.0,444.0
452,3422091,"Letterkenny, Donegal",2020-05-01,2020-05-31,30,435000.0,833.0
453,3434665,"Ennis, Clare",2019-05-01,2019-05-31,30,1645000.0,239.0
454,3446495,"Tralee, Kerry",2019-02-01,2019-02-28,30,579000.0,493.0
455,3454701,"Tralee, Kerry",2018-09-01,2018-09-30,30,585000.0,676.0
456,3465644,"Letterkenny, Donegal",2018-04-01,2018-04-30,30,409000.0,1083.0
457,3466585,"Waterford City, Waterford",2019-08-01,2019-08-31,30,320000.0,575.0
458,3471678,"Wexford Town, Wexford",2018-07-01,2018-07-31,30,466250.0,802.0
459,3480943,"Edenderry, Offaly",2018-06-01,2018-06-30,30,795000.0,1715.0
460,3496127,"Longford Town, Longford",2019-01-01,2019-01-31,30,223000.0,625.0
461,3497110,"Edenderry, Offaly",2019-09-01,2019-09-30,30,800000.0,1437.0
462,3497453,"Wexford Town, Wexford",2019-10-01,2019-10-31,30,474500.0,830.0
463,3504473,"Macroom, Cork",2019-12-01,2019-12-31,30,357750.0,699.0
464,3526032,"Tipperary Town, Tipperary",2021-02-01,2021-02-28,30,866250.0,442.0
465,3528268,"Macroom, Cork",2020-07-01,2020-07-31,30,428500.0,875.0
466,3535971,"Letterkenny, Donegal",2019-10-01,2019-10-31,30,413525.0,1011.0
467,3539160,"Waterford City, Waterford",2019-12-01,2019-12-31,30,312500.0,504.0
468,3540927,"Wexford Town, Wexford",2019-02-01,2019-02-28,30,441000.0,606.0
469,3551085,"Ennis, Clare",2020-03-01,2020-03-31,30,1650000.0,157.0
470,3551099,"Longford Town, Longford",2020-01-01,2020-01-31,30,225000.0,656.0
471,3583752,"Sligo Town, Sligo",2019-07-01,2019-07-31,30,670450.0,112.0
472,3587897,"Wexford Town, Wexford",2021-10-01,2021-10-31,30,596500.0,792.0
473,3593675,"Ennis, Clare",2018-08-01,2018-08-31,30,1520000.0,196.0
474,3599697,"Ennis, Clare",2019-06-01,2019-06-30,30,1719500.0,190.0
475,3614709,"Sligo Town, Sligo",2018-10-01,2018-10-31,30,610000.0,89.0
476,3627899,"Waterford City, Waterford",2018-02-01,2018-02-28,30,302500.0,330.0
477,3628818,"Letterkenny, Donegal",2021-07-01,2021-07-31,30,642000.0,1205.0
478,3633690,"Tipperary Town, Tipperary",2019-05-01,2019-05-31,30,800000.0,671.0
479,3651121,"Tralee, Kerry",2020-11-01,2020-11-30,30,640000.0,796.0
